"file1_name","file2_name","file1_path","file2_path","a2a_output"
"ACDC_hadoop_mapreduce_focused.rsf","hadoopmapreduce-3.4.1_IL_100_clusters.rsf","C:\Users\Luqman\Desktop\SEM 3\DSSE\Assignment 1\dsse-assigment-1\luqman\Panda Files\tuning_runs\all_rsf\ACDC_hadoop_mapreduce_focused.rsf","C:\Users\Luqman\Desktop\SEM 3\DSSE\Assignment 1\dsse-assigment-1\luqman\Panda Files\tuning_runs\all_rsf\hadoopmapreduce-3.4.1_IL_100_clusters.rsf","79.40808670279283"
"ACDC_hadoop_mapreduce_focused.rsf","hadoopmapreduce-3.4.1_IL_20_clusters.rsf","C:\Users\Luqman\Desktop\SEM 3\DSSE\Assignment 1\dsse-assigment-1\luqman\Panda Files\tuning_runs\all_rsf\ACDC_hadoop_mapreduce_focused.rsf","C:\Users\Luqman\Desktop\SEM 3\DSSE\Assignment 1\dsse-assigment-1\luqman\Panda Files\tuning_runs\all_rsf\hadoopmapreduce-3.4.1_IL_20_clusters.rsf","84.43294523501508"
"ACDC_hadoop_mapreduce_focused.rsf","hadoopmapreduce-3.4.1_IL_23_clusters.rsf","C:\Users\Luqman\Desktop\SEM 3\DSSE\Assignment 1\dsse-assigment-1\luqman\Panda Files\tuning_runs\all_rsf\ACDC_hadoop_mapreduce_focused.rsf","C:\Users\Luqman\Desktop\SEM 3\DSSE\Assignment 1\dsse-assigment-1\luqman\Panda Files\tuning_runs\all_rsf\hadoopmapreduce-3.4.1_IL_23_clusters.rsf","85.18518518518519"
"ACDC_hadoop_mapreduce_focused.rsf","hadoopmapreduce-3.4.1_IL_30_clusters.rsf","C:\Users\Luqman\Desktop\SEM 3\DSSE\Assignment 1\dsse-assigment-1\luqman\Panda Files\tuning_runs\all_rsf\ACDC_hadoop_mapreduce_focused.rsf","C:\Users\Luqman\Desktop\SEM 3\DSSE\Assignment 1\dsse-assigment-1\luqman\Panda Files\tuning_runs\all_rsf\hadoopmapreduce-3.4.1_IL_30_clusters.rsf","84.84328037784456"
"ACDC_hadoop_mapreduce_focused.rsf","hadoopmapreduce-3.4.1_IL_50_clusters.rsf","C:\Users\Luqman\Desktop\SEM 3\DSSE\Assignment 1\dsse-assigment-1\luqman\Panda Files\tuning_runs\all_rsf\ACDC_hadoop_mapreduce_focused.rsf","C:\Users\Luqman\Desktop\SEM 3\DSSE\Assignment 1\dsse-assigment-1\luqman\Panda Files\tuning_runs\all_rsf\hadoopmapreduce-3.4.1_IL_50_clusters.rsf","84.4614729672201"
"ACDC_hadoop_mapreduce_focused.rsf","hadoopmapreduce-3.4.1_IL_75_clusters.rsf","C:\Users\Luqman\Desktop\SEM 3\DSSE\Assignment 1\dsse-assigment-1\luqman\Panda Files\tuning_runs\all_rsf\ACDC_hadoop_mapreduce_focused.rsf","C:\Users\Luqman\Desktop\SEM 3\DSSE\Assignment 1\dsse-assigment-1\luqman\Panda Files\tuning_runs\all_rsf\hadoopmapreduce-3.4.1_IL_75_clusters.rsf","82.43470935130581"
"ACDC_hadoop_mapreduce_focused.rsf","hadoopmapreduce-3.4.1_UEM_100_clusters.rsf","C:\Users\Luqman\Desktop\SEM 3\DSSE\Assignment 1\dsse-assigment-1\luqman\Panda Files\tuning_runs\all_rsf\ACDC_hadoop_mapreduce_focused.rsf","C:\Users\Luqman\Desktop\SEM 3\DSSE\Assignment 1\dsse-assigment-1\luqman\Panda Files\tuning_runs\all_rsf\hadoopmapreduce-3.4.1_UEM_100_clusters.rsf","81.78407669862443"
"ACDC_hadoop_mapreduce_focused.rsf","hadoopmapreduce-3.4.1_UEM_20_clusters.rsf","C:\Users\Luqman\Desktop\SEM 3\DSSE\Assignment 1\dsse-assigment-1\luqman\Panda Files\tuning_runs\all_rsf\ACDC_hadoop_mapreduce_focused.rsf","C:\Users\Luqman\Desktop\SEM 3\DSSE\Assignment 1\dsse-assigment-1\luqman\Panda Files\tuning_runs\all_rsf\hadoopmapreduce-3.4.1_UEM_20_clusters.rsf","80.72445019404915"
"ACDC_hadoop_mapreduce_focused.rsf","hadoopmapreduce-3.4.1_UEM_23_clusters.rsf","C:\Users\Luqman\Desktop\SEM 3\DSSE\Assignment 1\dsse-assigment-1\luqman\Panda Files\tuning_runs\all_rsf\ACDC_hadoop_mapreduce_focused.rsf","C:\Users\Luqman\Desktop\SEM 3\DSSE\Assignment 1\dsse-assigment-1\luqman\Panda Files\tuning_runs\all_rsf\hadoopmapreduce-3.4.1_UEM_23_clusters.rsf","80.92161929371231"
"ACDC_hadoop_mapreduce_focused.rsf","hadoopmapreduce-3.4.1_UEM_30_clusters.rsf","C:\Users\Luqman\Desktop\SEM 3\DSSE\Assignment 1\dsse-assigment-1\luqman\Panda Files\tuning_runs\all_rsf\ACDC_hadoop_mapreduce_focused.rsf","C:\Users\Luqman\Desktop\SEM 3\DSSE\Assignment 1\dsse-assigment-1\luqman\Panda Files\tuning_runs\all_rsf\hadoopmapreduce-3.4.1_UEM_30_clusters.rsf","80.76427651352512"
"ACDC_hadoop_mapreduce_focused.rsf","hadoopmapreduce-3.4.1_UEM_50_clusters.rsf","C:\Users\Luqman\Desktop\SEM 3\DSSE\Assignment 1\dsse-assigment-1\luqman\Panda Files\tuning_runs\all_rsf\ACDC_hadoop_mapreduce_focused.rsf","C:\Users\Luqman\Desktop\SEM 3\DSSE\Assignment 1\dsse-assigment-1\luqman\Panda Files\tuning_runs\all_rsf\hadoopmapreduce-3.4.1_UEM_50_clusters.rsf","80.0340570455513"
"ACDC_hadoop_mapreduce_focused.rsf","hadoopmapreduce-3.4.1_UEM_75_clusters.rsf","C:\Users\Luqman\Desktop\SEM 3\DSSE\Assignment 1\dsse-assigment-1\luqman\Panda Files\tuning_runs\all_rsf\ACDC_hadoop_mapreduce_focused.rsf","C:\Users\Luqman\Desktop\SEM 3\DSSE\Assignment 1\dsse-assigment-1\luqman\Panda Files\tuning_runs\all_rsf\hadoopmapreduce-3.4.1_UEM_75_clusters.rsf","84.03538331929234"
"ACDC_hadoop_mapreduce_focused.rsf","hadoopmapreduce-3.4.1_UEMNM_100_clusters.rsf","C:\Users\Luqman\Desktop\SEM 3\DSSE\Assignment 1\dsse-assigment-1\luqman\Panda Files\tuning_runs\all_rsf\ACDC_hadoop_mapreduce_focused.rsf","C:\Users\Luqman\Desktop\SEM 3\DSSE\Assignment 1\dsse-assigment-1\luqman\Panda Files\tuning_runs\all_rsf\hadoopmapreduce-3.4.1_UEMNM_100_clusters.rsf","81.65902459358065"
"ACDC_hadoop_mapreduce_focused.rsf","hadoopmapreduce-3.4.1_UEMNM_20_clusters.rsf","C:\Users\Luqman\Desktop\SEM 3\DSSE\Assignment 1\dsse-assigment-1\luqman\Panda Files\tuning_runs\all_rsf\ACDC_hadoop_mapreduce_focused.rsf","C:\Users\Luqman\Desktop\SEM 3\DSSE\Assignment 1\dsse-assigment-1\luqman\Panda Files\tuning_runs\all_rsf\hadoopmapreduce-3.4.1_UEMNM_20_clusters.rsf","80.72445019404915"
"ACDC_hadoop_mapreduce_focused.rsf","hadoopmapreduce-3.4.1_UEMNM_23_clusters.rsf","C:\Users\Luqman\Desktop\SEM 3\DSSE\Assignment 1\dsse-assigment-1\luqman\Panda Files\tuning_runs\all_rsf\ACDC_hadoop_mapreduce_focused.rsf","C:\Users\Luqman\Desktop\SEM 3\DSSE\Assignment 1\dsse-assigment-1\luqman\Panda Files\tuning_runs\all_rsf\hadoopmapreduce-3.4.1_UEMNM_23_clusters.rsf","80.92161929371231"
"ACDC_hadoop_mapreduce_focused.rsf","hadoopmapreduce-3.4.1_UEMNM_30_clusters.rsf","C:\Users\Luqman\Desktop\SEM 3\DSSE\Assignment 1\dsse-assigment-1\luqman\Panda Files\tuning_runs\all_rsf\ACDC_hadoop_mapreduce_focused.rsf","C:\Users\Luqman\Desktop\SEM 3\DSSE\Assignment 1\dsse-assigment-1\luqman\Panda Files\tuning_runs\all_rsf\hadoopmapreduce-3.4.1_UEMNM_30_clusters.rsf","80.76427651352512"
"ACDC_hadoop_mapreduce_focused.rsf","hadoopmapreduce-3.4.1_UEMNM_50_clusters.rsf","C:\Users\Luqman\Desktop\SEM 3\DSSE\Assignment 1\dsse-assigment-1\luqman\Panda Files\tuning_runs\all_rsf\ACDC_hadoop_mapreduce_focused.rsf","C:\Users\Luqman\Desktop\SEM 3\DSSE\Assignment 1\dsse-assigment-1\luqman\Panda Files\tuning_runs\all_rsf\hadoopmapreduce-3.4.1_UEMNM_50_clusters.rsf","80.0340570455513"
"ACDC_hadoop_mapreduce_focused.rsf","hadoopmapreduce-3.4.1_UEMNM_75_clusters.rsf","C:\Users\Luqman\Desktop\SEM 3\DSSE\Assignment 1\dsse-assigment-1\luqman\Panda Files\tuning_runs\all_rsf\ACDC_hadoop_mapreduce_focused.rsf","C:\Users\Luqman\Desktop\SEM 3\DSSE\Assignment 1\dsse-assigment-1\luqman\Panda Files\tuning_runs\all_rsf\hadoopmapreduce-3.4.1_UEMNM_75_clusters.rsf","85.50968828980623"
"hadoopmapreduce-3.4.1_IL_100_clusters.rsf","hadoopmapreduce-3.4.1_IL_20_clusters.rsf","C:\Users\Luqman\Desktop\SEM 3\DSSE\Assignment 1\dsse-assigment-1\luqman\Panda Files\tuning_runs\all_rsf\hadoopmapreduce-3.4.1_IL_100_clusters.rsf","C:\Users\Luqman\Desktop\SEM 3\DSSE\Assignment 1\dsse-assigment-1\luqman\Panda Files\tuning_runs\all_rsf\hadoopmapreduce-3.4.1_IL_20_clusters.rsf","80.8848080133556"
"hadoopmapreduce-3.4.1_IL_100_clusters.rsf","hadoopmapreduce-3.4.1_IL_23_clusters.rsf","C:\Users\Luqman\Desktop\SEM 3\DSSE\Assignment 1\dsse-assigment-1\luqman\Panda Files\tuning_runs\all_rsf\hadoopmapreduce-3.4.1_IL_100_clusters.rsf","C:\Users\Luqman\Desktop\SEM 3\DSSE\Assignment 1\dsse-assigment-1\luqman\Panda Files\tuning_runs\all_rsf\hadoopmapreduce-3.4.1_IL_23_clusters.rsf","82.24260108378492"
"hadoopmapreduce-3.4.1_IL_100_clusters.rsf","hadoopmapreduce-3.4.1_IL_30_clusters.rsf","C:\Users\Luqman\Desktop\SEM 3\DSSE\Assignment 1\dsse-assigment-1\luqman\Panda Files\tuning_runs\all_rsf\hadoopmapreduce-3.4.1_IL_100_clusters.rsf","C:\Users\Luqman\Desktop\SEM 3\DSSE\Assignment 1\dsse-assigment-1\luqman\Panda Files\tuning_runs\all_rsf\hadoopmapreduce-3.4.1_IL_30_clusters.rsf","84.4970906068163"
"hadoopmapreduce-3.4.1_IL_100_clusters.rsf","hadoopmapreduce-3.4.1_IL_50_clusters.rsf","C:\Users\Luqman\Desktop\SEM 3\DSSE\Assignment 1\dsse-assigment-1\luqman\Panda Files\tuning_runs\all_rsf\hadoopmapreduce-3.4.1_IL_100_clusters.rsf","C:\Users\Luqman\Desktop\SEM 3\DSSE\Assignment 1\dsse-assigment-1\luqman\Panda Files\tuning_runs\all_rsf\hadoopmapreduce-3.4.1_IL_50_clusters.rsf","88.95300906842539"
"hadoopmapreduce-3.4.1_IL_100_clusters.rsf","hadoopmapreduce-3.4.1_IL_75_clusters.rsf","C:\Users\Luqman\Desktop\SEM 3\DSSE\Assignment 1\dsse-assigment-1\luqman\Panda Files\tuning_runs\all_rsf\hadoopmapreduce-3.4.1_IL_100_clusters.rsf","C:\Users\Luqman\Desktop\SEM 3\DSSE\Assignment 1\dsse-assigment-1\luqman\Panda Files\tuning_runs\all_rsf\hadoopmapreduce-3.4.1_IL_75_clusters.rsf","93.96164830681354"
"hadoopmapreduce-3.4.1_IL_100_clusters.rsf","hadoopmapreduce-3.4.1_UEM_100_clusters.rsf","C:\Users\Luqman\Desktop\SEM 3\DSSE\Assignment 1\dsse-assigment-1\luqman\Panda Files\tuning_runs\all_rsf\hadoopmapreduce-3.4.1_IL_100_clusters.rsf","C:\Users\Luqman\Desktop\SEM 3\DSSE\Assignment 1\dsse-assigment-1\luqman\Panda Files\tuning_runs\all_rsf\hadoopmapreduce-3.4.1_UEM_100_clusters.rsf","87.03554119547657"
"hadoopmapreduce-3.4.1_IL_100_clusters.rsf","hadoopmapreduce-3.4.1_UEM_20_clusters.rsf","C:\Users\Luqman\Desktop\SEM 3\DSSE\Assignment 1\dsse-assigment-1\luqman\Panda Files\tuning_runs\all_rsf\hadoopmapreduce-3.4.1_IL_100_clusters.rsf","C:\Users\Luqman\Desktop\SEM 3\DSSE\Assignment 1\dsse-assigment-1\luqman\Panda Files\tuning_runs\all_rsf\hadoopmapreduce-3.4.1_UEM_20_clusters.rsf","75.08347245409016"
"hadoopmapreduce-3.4.1_IL_100_clusters.rsf","hadoopmapreduce-3.4.1_UEM_23_clusters.rsf","C:\Users\Luqman\Desktop\SEM 3\DSSE\Assignment 1\dsse-assigment-1\luqman\Panda Files\tuning_runs\all_rsf\hadoopmapreduce-3.4.1_IL_100_clusters.rsf","C:\Users\Luqman\Desktop\SEM 3\DSSE\Assignment 1\dsse-assigment-1\luqman\Panda Files\tuning_runs\all_rsf\hadoopmapreduce-3.4.1_UEM_23_clusters.rsf","75.15631513130471"
"hadoopmapreduce-3.4.1_IL_100_clusters.rsf","hadoopmapreduce-3.4.1_UEM_30_clusters.rsf","C:\Users\Luqman\Desktop\SEM 3\DSSE\Assignment 1\dsse-assigment-1\luqman\Panda Files\tuning_runs\all_rsf\hadoopmapreduce-3.4.1_IL_100_clusters.rsf","C:\Users\Luqman\Desktop\SEM 3\DSSE\Assignment 1\dsse-assigment-1\luqman\Panda Files\tuning_runs\all_rsf\hadoopmapreduce-3.4.1_UEM_30_clusters.rsf","75.22859517871987"
"hadoopmapreduce-3.4.1_IL_100_clusters.rsf","hadoopmapreduce-3.4.1_UEM_50_clusters.rsf","C:\Users\Luqman\Desktop\SEM 3\DSSE\Assignment 1\dsse-assigment-1\luqman\Panda Files\tuning_runs\all_rsf\hadoopmapreduce-3.4.1_IL_100_clusters.rsf","C:\Users\Luqman\Desktop\SEM 3\DSSE\Assignment 1\dsse-assigment-1\luqman\Panda Files\tuning_runs\all_rsf\hadoopmapreduce-3.4.1_UEM_50_clusters.rsf","75.51525144270403"
"hadoopmapreduce-3.4.1_IL_100_clusters.rsf","hadoopmapreduce-3.4.1_UEM_75_clusters.rsf","C:\Users\Luqman\Desktop\SEM 3\DSSE\Assignment 1\dsse-assigment-1\luqman\Panda Files\tuning_runs\all_rsf\hadoopmapreduce-3.4.1_IL_100_clusters.rsf","C:\Users\Luqman\Desktop\SEM 3\DSSE\Assignment 1\dsse-assigment-1\luqman\Panda Files\tuning_runs\all_rsf\hadoopmapreduce-3.4.1_UEM_75_clusters.rsf","82.8641370869033"
"hadoopmapreduce-3.4.1_IL_100_clusters.rsf","hadoopmapreduce-3.4.1_UEMNM_100_clusters.rsf","C:\Users\Luqman\Desktop\SEM 3\DSSE\Assignment 1\dsse-assigment-1\luqman\Panda Files\tuning_runs\all_rsf\hadoopmapreduce-3.4.1_IL_100_clusters.rsf","C:\Users\Luqman\Desktop\SEM 3\DSSE\Assignment 1\dsse-assigment-1\luqman\Panda Files\tuning_runs\all_rsf\hadoopmapreduce-3.4.1_UEMNM_100_clusters.rsf","87.15670436187399"
"hadoopmapreduce-3.4.1_IL_100_clusters.rsf","hadoopmapreduce-3.4.1_UEMNM_20_clusters.rsf","C:\Users\Luqman\Desktop\SEM 3\DSSE\Assignment 1\dsse-assigment-1\luqman\Panda Files\tuning_runs\all_rsf\hadoopmapreduce-3.4.1_IL_100_clusters.rsf","C:\Users\Luqman\Desktop\SEM 3\DSSE\Assignment 1\dsse-assigment-1\luqman\Panda Files\tuning_runs\all_rsf\hadoopmapreduce-3.4.1_UEMNM_20_clusters.rsf","75.08347245409016"
"hadoopmapreduce-3.4.1_IL_100_clusters.rsf","hadoopmapreduce-3.4.1_UEMNM_23_clusters.rsf","C:\Users\Luqman\Desktop\SEM 3\DSSE\Assignment 1\dsse-assigment-1\luqman\Panda Files\tuning_runs\all_rsf\hadoopmapreduce-3.4.1_IL_100_clusters.rsf","C:\Users\Luqman\Desktop\SEM 3\DSSE\Assignment 1\dsse-assigment-1\luqman\Panda Files\tuning_runs\all_rsf\hadoopmapreduce-3.4.1_UEMNM_23_clusters.rsf","75.15631513130471"
"hadoopmapreduce-3.4.1_IL_100_clusters.rsf","hadoopmapreduce-3.4.1_UEMNM_30_clusters.rsf","C:\Users\Luqman\Desktop\SEM 3\DSSE\Assignment 1\dsse-assigment-1\luqman\Panda Files\tuning_runs\all_rsf\hadoopmapreduce-3.4.1_IL_100_clusters.rsf","C:\Users\Luqman\Desktop\SEM 3\DSSE\Assignment 1\dsse-assigment-1\luqman\Panda Files\tuning_runs\all_rsf\hadoopmapreduce-3.4.1_UEMNM_30_clusters.rsf","75.22859517871987"
"hadoopmapreduce-3.4.1_IL_100_clusters.rsf","hadoopmapreduce-3.4.1_UEMNM_50_clusters.rsf","C:\Users\Luqman\Desktop\SEM 3\DSSE\Assignment 1\dsse-assigment-1\luqman\Panda Files\tuning_runs\all_rsf\hadoopmapreduce-3.4.1_IL_100_clusters.rsf","C:\Users\Luqman\Desktop\SEM 3\DSSE\Assignment 1\dsse-assigment-1\luqman\Panda Files\tuning_runs\all_rsf\hadoopmapreduce-3.4.1_UEMNM_50_clusters.rsf","75.51525144270403"
"hadoopmapreduce-3.4.1_IL_100_clusters.rsf","hadoopmapreduce-3.4.1_UEMNM_75_clusters.rsf","C:\Users\Luqman\Desktop\SEM 3\DSSE\Assignment 1\dsse-assigment-1\luqman\Panda Files\tuning_runs\all_rsf\hadoopmapreduce-3.4.1_IL_100_clusters.rsf","C:\Users\Luqman\Desktop\SEM 3\DSSE\Assignment 1\dsse-assigment-1\luqman\Panda Files\tuning_runs\all_rsf\hadoopmapreduce-3.4.1_UEMNM_75_clusters.rsf","82.90493676050592"
"hadoopmapreduce-3.4.1_IL_20_clusters.rsf","hadoopmapreduce-3.4.1_IL_23_clusters.rsf","C:\Users\Luqman\Desktop\SEM 3\DSSE\Assignment 1\dsse-assigment-1\luqman\Panda Files\tuning_runs\all_rsf\hadoopmapreduce-3.4.1_IL_20_clusters.rsf","C:\Users\Luqman\Desktop\SEM 3\DSSE\Assignment 1\dsse-assigment-1\luqman\Panda Files\tuning_runs\all_rsf\hadoopmapreduce-3.4.1_IL_23_clusters.rsf","95.94652867615352"
"hadoopmapreduce-3.4.1_IL_20_clusters.rsf","hadoopmapreduce-3.4.1_IL_30_clusters.rsf","C:\Users\Luqman\Desktop\SEM 3\DSSE\Assignment 1\dsse-assigment-1\luqman\Panda Files\tuning_runs\all_rsf\hadoopmapreduce-3.4.1_IL_20_clusters.rsf","C:\Users\Luqman\Desktop\SEM 3\DSSE\Assignment 1\dsse-assigment-1\luqman\Panda Files\tuning_runs\all_rsf\hadoopmapreduce-3.4.1_IL_30_clusters.rsf","91.74548581255374"
"hadoopmapreduce-3.4.1_IL_20_clusters.rsf","hadoopmapreduce-3.4.1_IL_50_clusters.rsf","C:\Users\Luqman\Desktop\SEM 3\DSSE\Assignment 1\dsse-assigment-1\luqman\Panda Files\tuning_runs\all_rsf\hadoopmapreduce-3.4.1_IL_20_clusters.rsf","C:\Users\Luqman\Desktop\SEM 3\DSSE\Assignment 1\dsse-assigment-1\luqman\Panda Files\tuning_runs\all_rsf\hadoopmapreduce-3.4.1_IL_50_clusters.rsf","88.61892583120205"
"hadoopmapreduce-3.4.1_IL_20_clusters.rsf","hadoopmapreduce-3.4.1_IL_75_clusters.rsf","C:\Users\Luqman\Desktop\SEM 3\DSSE\Assignment 1\dsse-assigment-1\luqman\Panda Files\tuning_runs\all_rsf\hadoopmapreduce-3.4.1_IL_20_clusters.rsf","C:\Users\Luqman\Desktop\SEM 3\DSSE\Assignment 1\dsse-assigment-1\luqman\Panda Files\tuning_runs\all_rsf\hadoopmapreduce-3.4.1_IL_75_clusters.rsf","83.50906790383804"
"hadoopmapreduce-3.4.1_IL_20_clusters.rsf","hadoopmapreduce-3.4.1_UEM_100_clusters.rsf","C:\Users\Luqman\Desktop\SEM 3\DSSE\Assignment 1\dsse-assigment-1\luqman\Panda Files\tuning_runs\all_rsf\hadoopmapreduce-3.4.1_IL_20_clusters.rsf","C:\Users\Luqman\Desktop\SEM 3\DSSE\Assignment 1\dsse-assigment-1\luqman\Panda Files\tuning_runs\all_rsf\hadoopmapreduce-3.4.1_UEM_100_clusters.rsf","79.67445742904842"
"hadoopmapreduce-3.4.1_IL_20_clusters.rsf","hadoopmapreduce-3.4.1_UEM_20_clusters.rsf","C:\Users\Luqman\Desktop\SEM 3\DSSE\Assignment 1\dsse-assigment-1\luqman\Panda Files\tuning_runs\all_rsf\hadoopmapreduce-3.4.1_IL_20_clusters.rsf","C:\Users\Luqman\Desktop\SEM 3\DSSE\Assignment 1\dsse-assigment-1\luqman\Panda Files\tuning_runs\all_rsf\hadoopmapreduce-3.4.1_UEM_20_clusters.rsf","84.36960276338515"
"hadoopmapreduce-3.4.1_IL_20_clusters.rsf","hadoopmapreduce-3.4.1_UEM_23_clusters.rsf","C:\Users\Luqman\Desktop\SEM 3\DSSE\Assignment 1\dsse-assigment-1\luqman\Panda Files\tuning_runs\all_rsf\hadoopmapreduce-3.4.1_IL_20_clusters.rsf","C:\Users\Luqman\Desktop\SEM 3\DSSE\Assignment 1\dsse-assigment-1\luqman\Panda Files\tuning_runs\all_rsf\hadoopmapreduce-3.4.1_UEM_23_clusters.rsf","84.1310909874946"
"hadoopmapreduce-3.4.1_IL_20_clusters.rsf","hadoopmapreduce-3.4.1_UEM_30_clusters.rsf","C:\Users\Luqman\Desktop\SEM 3\DSSE\Assignment 1\dsse-assigment-1\luqman\Panda Files\tuning_runs\all_rsf\hadoopmapreduce-3.4.1_IL_20_clusters.rsf","C:\Users\Luqman\Desktop\SEM 3\DSSE\Assignment 1\dsse-assigment-1\luqman\Panda Files\tuning_runs\all_rsf\hadoopmapreduce-3.4.1_UEM_30_clusters.rsf","83.57695614789338"
"hadoopmapreduce-3.4.1_IL_20_clusters.rsf","hadoopmapreduce-3.4.1_UEM_50_clusters.rsf","C:\Users\Luqman\Desktop\SEM 3\DSSE\Assignment 1\dsse-assigment-1\luqman\Panda Files\tuning_runs\all_rsf\hadoopmapreduce-3.4.1_IL_20_clusters.rsf","C:\Users\Luqman\Desktop\SEM 3\DSSE\Assignment 1\dsse-assigment-1\luqman\Panda Files\tuning_runs\all_rsf\hadoopmapreduce-3.4.1_UEM_50_clusters.rsf","82.01193520886616"
"hadoopmapreduce-3.4.1_IL_20_clusters.rsf","hadoopmapreduce-3.4.1_UEM_75_clusters.rsf","C:\Users\Luqman\Desktop\SEM 3\DSSE\Assignment 1\dsse-assigment-1\luqman\Panda Files\tuning_runs\all_rsf\hadoopmapreduce-3.4.1_IL_20_clusters.rsf","C:\Users\Luqman\Desktop\SEM 3\DSSE\Assignment 1\dsse-assigment-1\luqman\Panda Files\tuning_runs\all_rsf\hadoopmapreduce-3.4.1_UEM_75_clusters.rsf","81.61113454238718"
"hadoopmapreduce-3.4.1_IL_20_clusters.rsf","hadoopmapreduce-3.4.1_UEMNM_100_clusters.rsf","C:\Users\Luqman\Desktop\SEM 3\DSSE\Assignment 1\dsse-assigment-1\luqman\Panda Files\tuning_runs\all_rsf\hadoopmapreduce-3.4.1_IL_20_clusters.rsf","C:\Users\Luqman\Desktop\SEM 3\DSSE\Assignment 1\dsse-assigment-1\luqman\Panda Files\tuning_runs\all_rsf\hadoopmapreduce-3.4.1_UEMNM_100_clusters.rsf","79.13188647746243"
"hadoopmapreduce-3.4.1_IL_20_clusters.rsf","hadoopmapreduce-3.4.1_UEMNM_20_clusters.rsf","C:\Users\Luqman\Desktop\SEM 3\DSSE\Assignment 1\dsse-assigment-1\luqman\Panda Files\tuning_runs\all_rsf\hadoopmapreduce-3.4.1_IL_20_clusters.rsf","C:\Users\Luqman\Desktop\SEM 3\DSSE\Assignment 1\dsse-assigment-1\luqman\Panda Files\tuning_runs\all_rsf\hadoopmapreduce-3.4.1_UEMNM_20_clusters.rsf","84.36960276338515"
"hadoopmapreduce-3.4.1_IL_20_clusters.rsf","hadoopmapreduce-3.4.1_UEMNM_23_clusters.rsf","C:\Users\Luqman\Desktop\SEM 3\DSSE\Assignment 1\dsse-assigment-1\luqman\Panda Files\tuning_runs\all_rsf\hadoopmapreduce-3.4.1_IL_20_clusters.rsf","C:\Users\Luqman\Desktop\SEM 3\DSSE\Assignment 1\dsse-assigment-1\luqman\Panda Files\tuning_runs\all_rsf\hadoopmapreduce-3.4.1_UEMNM_23_clusters.rsf","84.1310909874946"
"hadoopmapreduce-3.4.1_IL_20_clusters.rsf","hadoopmapreduce-3.4.1_UEMNM_30_clusters.rsf","C:\Users\Luqman\Desktop\SEM 3\DSSE\Assignment 1\dsse-assigment-1\luqman\Panda Files\tuning_runs\all_rsf\hadoopmapreduce-3.4.1_IL_20_clusters.rsf","C:\Users\Luqman\Desktop\SEM 3\DSSE\Assignment 1\dsse-assigment-1\luqman\Panda Files\tuning_runs\all_rsf\hadoopmapreduce-3.4.1_UEMNM_30_clusters.rsf","83.57695614789338"
"hadoopmapreduce-3.4.1_IL_20_clusters.rsf","hadoopmapreduce-3.4.1_UEMNM_50_clusters.rsf","C:\Users\Luqman\Desktop\SEM 3\DSSE\Assignment 1\dsse-assigment-1\luqman\Panda Files\tuning_runs\all_rsf\hadoopmapreduce-3.4.1_IL_20_clusters.rsf","C:\Users\Luqman\Desktop\SEM 3\DSSE\Assignment 1\dsse-assigment-1\luqman\Panda Files\tuning_runs\all_rsf\hadoopmapreduce-3.4.1_UEMNM_50_clusters.rsf","82.01193520886616"
"hadoopmapreduce-3.4.1_IL_20_clusters.rsf","hadoopmapreduce-3.4.1_UEMNM_75_clusters.rsf","C:\Users\Luqman\Desktop\SEM 3\DSSE\Assignment 1\dsse-assigment-1\luqman\Panda Files\tuning_runs\all_rsf\hadoopmapreduce-3.4.1_IL_20_clusters.rsf","C:\Users\Luqman\Desktop\SEM 3\DSSE\Assignment 1\dsse-assigment-1\luqman\Panda Files\tuning_runs\all_rsf\hadoopmapreduce-3.4.1_UEMNM_75_clusters.rsf","81.18937157317588"
"hadoopmapreduce-3.4.1_IL_23_clusters.rsf","hadoopmapreduce-3.4.1_IL_30_clusters.rsf","C:\Users\Luqman\Desktop\SEM 3\DSSE\Assignment 1\dsse-assigment-1\luqman\Panda Files\tuning_runs\all_rsf\hadoopmapreduce-3.4.1_IL_23_clusters.rsf","C:\Users\Luqman\Desktop\SEM 3\DSSE\Assignment 1\dsse-assigment-1\luqman\Panda Files\tuning_runs\all_rsf\hadoopmapreduce-3.4.1_IL_30_clusters.rsf","94.4182052382997"
"hadoopmapreduce-3.4.1_IL_23_clusters.rsf","hadoopmapreduce-3.4.1_IL_50_clusters.rsf","C:\Users\Luqman\Desktop\SEM 3\DSSE\Assignment 1\dsse-assigment-1\luqman\Panda Files\tuning_runs\all_rsf\hadoopmapreduce-3.4.1_IL_23_clusters.rsf","C:\Users\Luqman\Desktop\SEM 3\DSSE\Assignment 1\dsse-assigment-1\luqman\Panda Files\tuning_runs\all_rsf\hadoopmapreduce-3.4.1_IL_50_clusters.rsf","90.88974031502767"
"hadoopmapreduce-3.4.1_IL_23_clusters.rsf","hadoopmapreduce-3.4.1_IL_75_clusters.rsf","C:\Users\Luqman\Desktop\SEM 3\DSSE\Assignment 1\dsse-assigment-1\luqman\Panda Files\tuning_runs\all_rsf\hadoopmapreduce-3.4.1_IL_23_clusters.rsf","C:\Users\Luqman\Desktop\SEM 3\DSSE\Assignment 1\dsse-assigment-1\luqman\Panda Files\tuning_runs\all_rsf\hadoopmapreduce-3.4.1_IL_75_clusters.rsf","85.21482729570346"
"hadoopmapreduce-3.4.1_IL_23_clusters.rsf","hadoopmapreduce-3.4.1_UEM_100_clusters.rsf","C:\Users\Luqman\Desktop\SEM 3\DSSE\Assignment 1\dsse-assigment-1\luqman\Panda Files\tuning_runs\all_rsf\hadoopmapreduce-3.4.1_IL_23_clusters.rsf","C:\Users\Luqman\Desktop\SEM 3\DSSE\Assignment 1\dsse-assigment-1\luqman\Panda Files\tuning_runs\all_rsf\hadoopmapreduce-3.4.1_UEM_100_clusters.rsf","80.53355564818673"
"hadoopmapreduce-3.4.1_IL_23_clusters.rsf","hadoopmapreduce-3.4.1_UEM_20_clusters.rsf","C:\Users\Luqman\Desktop\SEM 3\DSSE\Assignment 1\dsse-assigment-1\luqman\Panda Files\tuning_runs\all_rsf\hadoopmapreduce-3.4.1_IL_23_clusters.rsf","C:\Users\Luqman\Desktop\SEM 3\DSSE\Assignment 1\dsse-assigment-1\luqman\Panda Files\tuning_runs\all_rsf\hadoopmapreduce-3.4.1_UEM_20_clusters.rsf","84.26045709357481"
"hadoopmapreduce-3.4.1_IL_23_clusters.rsf","hadoopmapreduce-3.4.1_UEM_23_clusters.rsf","C:\Users\Luqman\Desktop\SEM 3\DSSE\Assignment 1\dsse-assigment-1\luqman\Panda Files\tuning_runs\all_rsf\hadoopmapreduce-3.4.1_IL_23_clusters.rsf","C:\Users\Luqman\Desktop\SEM 3\DSSE\Assignment 1\dsse-assigment-1\luqman\Panda Files\tuning_runs\all_rsf\hadoopmapreduce-3.4.1_UEM_23_clusters.rsf","84.28079242032732"
"hadoopmapreduce-3.4.1_IL_23_clusters.rsf","hadoopmapreduce-3.4.1_UEM_30_clusters.rsf","C:\Users\Luqman\Desktop\SEM 3\DSSE\Assignment 1\dsse-assigment-1\luqman\Panda Files\tuning_runs\all_rsf\hadoopmapreduce-3.4.1_IL_23_clusters.rsf","C:\Users\Luqman\Desktop\SEM 3\DSSE\Assignment 1\dsse-assigment-1\luqman\Panda Files\tuning_runs\all_rsf\hadoopmapreduce-3.4.1_UEM_30_clusters.rsf","83.72692142550451"
"hadoopmapreduce-3.4.1_IL_23_clusters.rsf","hadoopmapreduce-3.4.1_UEM_50_clusters.rsf","C:\Users\Luqman\Desktop\SEM 3\DSSE\Assignment 1\dsse-assigment-1\luqman\Panda Files\tuning_runs\all_rsf\hadoopmapreduce-3.4.1_IL_23_clusters.rsf","C:\Users\Luqman\Desktop\SEM 3\DSSE\Assignment 1\dsse-assigment-1\luqman\Panda Files\tuning_runs\all_rsf\hadoopmapreduce-3.4.1_UEM_50_clusters.rsf","82.16262239250744"
"hadoopmapreduce-3.4.1_IL_23_clusters.rsf","hadoopmapreduce-3.4.1_UEM_75_clusters.rsf","C:\Users\Luqman\Desktop\SEM 3\DSSE\Assignment 1\dsse-assigment-1\luqman\Panda Files\tuning_runs\all_rsf\hadoopmapreduce-3.4.1_IL_23_clusters.rsf","C:\Users\Luqman\Desktop\SEM 3\DSSE\Assignment 1\dsse-assigment-1\luqman\Panda Files\tuning_runs\all_rsf\hadoopmapreduce-3.4.1_UEM_75_clusters.rsf","82.6453243470935"
"hadoopmapreduce-3.4.1_IL_23_clusters.rsf","hadoopmapreduce-3.4.1_UEMNM_100_clusters.rsf","C:\Users\Luqman\Desktop\SEM 3\DSSE\Assignment 1\dsse-assigment-1\luqman\Panda Files\tuning_runs\all_rsf\hadoopmapreduce-3.4.1_IL_23_clusters.rsf","C:\Users\Luqman\Desktop\SEM 3\DSSE\Assignment 1\dsse-assigment-1\luqman\Panda Files\tuning_runs\all_rsf\hadoopmapreduce-3.4.1_UEMNM_100_clusters.rsf","79.90829512296791"
"hadoopmapreduce-3.4.1_IL_23_clusters.rsf","hadoopmapreduce-3.4.1_UEMNM_20_clusters.rsf","C:\Users\Luqman\Desktop\SEM 3\DSSE\Assignment 1\dsse-assigment-1\luqman\Panda Files\tuning_runs\all_rsf\hadoopmapreduce-3.4.1_IL_23_clusters.rsf","C:\Users\Luqman\Desktop\SEM 3\DSSE\Assignment 1\dsse-assigment-1\luqman\Panda Files\tuning_runs\all_rsf\hadoopmapreduce-3.4.1_UEMNM_20_clusters.rsf","84.26045709357481"
"hadoopmapreduce-3.4.1_IL_23_clusters.rsf","hadoopmapreduce-3.4.1_UEMNM_23_clusters.rsf","C:\Users\Luqman\Desktop\SEM 3\DSSE\Assignment 1\dsse-assigment-1\luqman\Panda Files\tuning_runs\all_rsf\hadoopmapreduce-3.4.1_IL_23_clusters.rsf","C:\Users\Luqman\Desktop\SEM 3\DSSE\Assignment 1\dsse-assigment-1\luqman\Panda Files\tuning_runs\all_rsf\hadoopmapreduce-3.4.1_UEMNM_23_clusters.rsf","84.28079242032732"
"hadoopmapreduce-3.4.1_IL_23_clusters.rsf","hadoopmapreduce-3.4.1_UEMNM_30_clusters.rsf","C:\Users\Luqman\Desktop\SEM 3\DSSE\Assignment 1\dsse-assigment-1\luqman\Panda Files\tuning_runs\all_rsf\hadoopmapreduce-3.4.1_IL_23_clusters.rsf","C:\Users\Luqman\Desktop\SEM 3\DSSE\Assignment 1\dsse-assigment-1\luqman\Panda Files\tuning_runs\all_rsf\hadoopmapreduce-3.4.1_UEMNM_30_clusters.rsf","83.72692142550451"
"hadoopmapreduce-3.4.1_IL_23_clusters.rsf","hadoopmapreduce-3.4.1_UEMNM_50_clusters.rsf","C:\Users\Luqman\Desktop\SEM 3\DSSE\Assignment 1\dsse-assigment-1\luqman\Panda Files\tuning_runs\all_rsf\hadoopmapreduce-3.4.1_IL_23_clusters.rsf","C:\Users\Luqman\Desktop\SEM 3\DSSE\Assignment 1\dsse-assigment-1\luqman\Panda Files\tuning_runs\all_rsf\hadoopmapreduce-3.4.1_UEMNM_50_clusters.rsf","82.16262239250744"
"hadoopmapreduce-3.4.1_IL_23_clusters.rsf","hadoopmapreduce-3.4.1_UEMNM_75_clusters.rsf","C:\Users\Luqman\Desktop\SEM 3\DSSE\Assignment 1\dsse-assigment-1\luqman\Panda Files\tuning_runs\all_rsf\hadoopmapreduce-3.4.1_IL_23_clusters.rsf","C:\Users\Luqman\Desktop\SEM 3\DSSE\Assignment 1\dsse-assigment-1\luqman\Panda Files\tuning_runs\all_rsf\hadoopmapreduce-3.4.1_UEMNM_75_clusters.rsf","82.13984835720302"
"hadoopmapreduce-3.4.1_IL_30_clusters.rsf","hadoopmapreduce-3.4.1_IL_50_clusters.rsf","C:\Users\Luqman\Desktop\SEM 3\DSSE\Assignment 1\dsse-assigment-1\luqman\Panda Files\tuning_runs\all_rsf\hadoopmapreduce-3.4.1_IL_30_clusters.rsf","C:\Users\Luqman\Desktop\SEM 3\DSSE\Assignment 1\dsse-assigment-1\luqman\Panda Files\tuning_runs\all_rsf\hadoopmapreduce-3.4.1_IL_50_clusters.rsf","94.31239388794566"
"hadoopmapreduce-3.4.1_IL_30_clusters.rsf","hadoopmapreduce-3.4.1_IL_75_clusters.rsf","C:\Users\Luqman\Desktop\SEM 3\DSSE\Assignment 1\dsse-assigment-1\luqman\Panda Files\tuning_runs\all_rsf\hadoopmapreduce-3.4.1_IL_30_clusters.rsf","C:\Users\Luqman\Desktop\SEM 3\DSSE\Assignment 1\dsse-assigment-1\luqman\Panda Files\tuning_runs\all_rsf\hadoopmapreduce-3.4.1_IL_75_clusters.rsf","88.2402351952961"
"hadoopmapreduce-3.4.1_IL_30_clusters.rsf","hadoopmapreduce-3.4.1_UEM_100_clusters.rsf","C:\Users\Luqman\Desktop\SEM 3\DSSE\Assignment 1\dsse-assigment-1\luqman\Panda Files\tuning_runs\all_rsf\hadoopmapreduce-3.4.1_IL_30_clusters.rsf","C:\Users\Luqman\Desktop\SEM 3\DSSE\Assignment 1\dsse-assigment-1\luqman\Panda Files\tuning_runs\all_rsf\hadoopmapreduce-3.4.1_UEM_100_clusters.rsf","82.12801330008313"
"hadoopmapreduce-3.4.1_IL_30_clusters.rsf","hadoopmapreduce-3.4.1_UEM_20_clusters.rsf","C:\Users\Luqman\Desktop\SEM 3\DSSE\Assignment 1\dsse-assigment-1\luqman\Panda Files\tuning_runs\all_rsf\hadoopmapreduce-3.4.1_IL_30_clusters.rsf","C:\Users\Luqman\Desktop\SEM 3\DSSE\Assignment 1\dsse-assigment-1\luqman\Panda Files\tuning_runs\all_rsf\hadoopmapreduce-3.4.1_UEM_20_clusters.rsf","80.35253654342218"
"hadoopmapreduce-3.4.1_IL_30_clusters.rsf","hadoopmapreduce-3.4.1_UEM_23_clusters.rsf","C:\Users\Luqman\Desktop\SEM 3\DSSE\Assignment 1\dsse-assigment-1\luqman\Panda Files\tuning_runs\all_rsf\hadoopmapreduce-3.4.1_IL_30_clusters.rsf","C:\Users\Luqman\Desktop\SEM 3\DSSE\Assignment 1\dsse-assigment-1\luqman\Panda Files\tuning_runs\all_rsf\hadoopmapreduce-3.4.1_UEM_23_clusters.rsf","80.37784456848432"
"hadoopmapreduce-3.4.1_IL_30_clusters.rsf","hadoopmapreduce-3.4.1_UEM_30_clusters.rsf","C:\Users\Luqman\Desktop\SEM 3\DSSE\Assignment 1\dsse-assigment-1\luqman\Panda Files\tuning_runs\all_rsf\hadoopmapreduce-3.4.1_IL_30_clusters.rsf","C:\Users\Luqman\Desktop\SEM 3\DSSE\Assignment 1\dsse-assigment-1\luqman\Panda Files\tuning_runs\all_rsf\hadoopmapreduce-3.4.1_UEM_30_clusters.rsf","80.43664383561644"
"hadoopmapreduce-3.4.1_IL_30_clusters.rsf","hadoopmapreduce-3.4.1_UEM_50_clusters.rsf","C:\Users\Luqman\Desktop\SEM 3\DSSE\Assignment 1\dsse-assigment-1\luqman\Panda Files\tuning_runs\all_rsf\hadoopmapreduce-3.4.1_IL_30_clusters.rsf","C:\Users\Luqman\Desktop\SEM 3\DSSE\Assignment 1\dsse-assigment-1\luqman\Panda Files\tuning_runs\all_rsf\hadoopmapreduce-3.4.1_UEM_50_clusters.rsf","78.90492359932088"
"hadoopmapreduce-3.4.1_IL_30_clusters.rsf","hadoopmapreduce-3.4.1_UEM_75_clusters.rsf","C:\Users\Luqman\Desktop\SEM 3\DSSE\Assignment 1\dsse-assigment-1\luqman\Panda Files\tuning_runs\all_rsf\hadoopmapreduce-3.4.1_IL_30_clusters.rsf","C:\Users\Luqman\Desktop\SEM 3\DSSE\Assignment 1\dsse-assigment-1\luqman\Panda Files\tuning_runs\all_rsf\hadoopmapreduce-3.4.1_UEM_75_clusters.rsf","84.71230575388492"
"hadoopmapreduce-3.4.1_IL_30_clusters.rsf","hadoopmapreduce-3.4.1_UEMNM_100_clusters.rsf","C:\Users\Luqman\Desktop\SEM 3\DSSE\Assignment 1\dsse-assigment-1\luqman\Panda Files\tuning_runs\all_rsf\hadoopmapreduce-3.4.1_IL_30_clusters.rsf","C:\Users\Luqman\Desktop\SEM 3\DSSE\Assignment 1\dsse-assigment-1\luqman\Panda Files\tuning_runs\all_rsf\hadoopmapreduce-3.4.1_UEMNM_100_clusters.rsf","81.79551122194513"
"hadoopmapreduce-3.4.1_IL_30_clusters.rsf","hadoopmapreduce-3.4.1_UEMNM_20_clusters.rsf","C:\Users\Luqman\Desktop\SEM 3\DSSE\Assignment 1\dsse-assigment-1\luqman\Panda Files\tuning_runs\all_rsf\hadoopmapreduce-3.4.1_IL_30_clusters.rsf","C:\Users\Luqman\Desktop\SEM 3\DSSE\Assignment 1\dsse-assigment-1\luqman\Panda Files\tuning_runs\all_rsf\hadoopmapreduce-3.4.1_UEMNM_20_clusters.rsf","80.35253654342218"
"hadoopmapreduce-3.4.1_IL_30_clusters.rsf","hadoopmapreduce-3.4.1_UEMNM_23_clusters.rsf","C:\Users\Luqman\Desktop\SEM 3\DSSE\Assignment 1\dsse-assigment-1\luqman\Panda Files\tuning_runs\all_rsf\hadoopmapreduce-3.4.1_IL_30_clusters.rsf","C:\Users\Luqman\Desktop\SEM 3\DSSE\Assignment 1\dsse-assigment-1\luqman\Panda Files\tuning_runs\all_rsf\hadoopmapreduce-3.4.1_UEMNM_23_clusters.rsf","80.37784456848432"
"hadoopmapreduce-3.4.1_IL_30_clusters.rsf","hadoopmapreduce-3.4.1_UEMNM_30_clusters.rsf","C:\Users\Luqman\Desktop\SEM 3\DSSE\Assignment 1\dsse-assigment-1\luqman\Panda Files\tuning_runs\all_rsf\hadoopmapreduce-3.4.1_IL_30_clusters.rsf","C:\Users\Luqman\Desktop\SEM 3\DSSE\Assignment 1\dsse-assigment-1\luqman\Panda Files\tuning_runs\all_rsf\hadoopmapreduce-3.4.1_UEMNM_30_clusters.rsf","80.43664383561644"
"hadoopmapreduce-3.4.1_IL_30_clusters.rsf","hadoopmapreduce-3.4.1_UEMNM_50_clusters.rsf","C:\Users\Luqman\Desktop\SEM 3\DSSE\Assignment 1\dsse-assigment-1\luqman\Panda Files\tuning_runs\all_rsf\hadoopmapreduce-3.4.1_IL_30_clusters.rsf","C:\Users\Luqman\Desktop\SEM 3\DSSE\Assignment 1\dsse-assigment-1\luqman\Panda Files\tuning_runs\all_rsf\hadoopmapreduce-3.4.1_UEMNM_50_clusters.rsf","78.90492359932088"
"hadoopmapreduce-3.4.1_IL_30_clusters.rsf","hadoopmapreduce-3.4.1_UEMNM_75_clusters.rsf","C:\Users\Luqman\Desktop\SEM 3\DSSE\Assignment 1\dsse-assigment-1\luqman\Panda Files\tuning_runs\all_rsf\hadoopmapreduce-3.4.1_IL_30_clusters.rsf","C:\Users\Luqman\Desktop\SEM 3\DSSE\Assignment 1\dsse-assigment-1\luqman\Panda Files\tuning_runs\all_rsf\hadoopmapreduce-3.4.1_UEMNM_75_clusters.rsf","83.83032339353214"
"hadoopmapreduce-3.4.1_IL_50_clusters.rsf","hadoopmapreduce-3.4.1_IL_75_clusters.rsf","C:\Users\Luqman\Desktop\SEM 3\DSSE\Assignment 1\dsse-assigment-1\luqman\Panda Files\tuning_runs\all_rsf\hadoopmapreduce-3.4.1_IL_50_clusters.rsf","C:\Users\Luqman\Desktop\SEM 3\DSSE\Assignment 1\dsse-assigment-1\luqman\Panda Files\tuning_runs\all_rsf\hadoopmapreduce-3.4.1_IL_75_clusters.rsf","93.21116201582674"
"hadoopmapreduce-3.4.1_IL_50_clusters.rsf","hadoopmapreduce-3.4.1_UEM_100_clusters.rsf","C:\Users\Luqman\Desktop\SEM 3\DSSE\Assignment 1\dsse-assigment-1\luqman\Panda Files\tuning_runs\all_rsf\hadoopmapreduce-3.4.1_IL_50_clusters.rsf","C:\Users\Luqman\Desktop\SEM 3\DSSE\Assignment 1\dsse-assigment-1\luqman\Panda Files\tuning_runs\all_rsf\hadoopmapreduce-3.4.1_UEM_100_clusters.rsf","84.95465787304204"
"hadoopmapreduce-3.4.1_IL_50_clusters.rsf","hadoopmapreduce-3.4.1_UEM_20_clusters.rsf","C:\Users\Luqman\Desktop\SEM 3\DSSE\Assignment 1\dsse-assigment-1\luqman\Panda Files\tuning_runs\all_rsf\hadoopmapreduce-3.4.1_IL_50_clusters.rsf","C:\Users\Luqman\Desktop\SEM 3\DSSE\Assignment 1\dsse-assigment-1\luqman\Panda Files\tuning_runs\all_rsf\hadoopmapreduce-3.4.1_UEM_20_clusters.rsf","79.66751918158567"
"hadoopmapreduce-3.4.1_IL_50_clusters.rsf","hadoopmapreduce-3.4.1_UEM_23_clusters.rsf","C:\Users\Luqman\Desktop\SEM 3\DSSE\Assignment 1\dsse-assigment-1\luqman\Panda Files\tuning_runs\all_rsf\hadoopmapreduce-3.4.1_IL_50_clusters.rsf","C:\Users\Luqman\Desktop\SEM 3\DSSE\Assignment 1\dsse-assigment-1\luqman\Panda Files\tuning_runs\all_rsf\hadoopmapreduce-3.4.1_UEM_23_clusters.rsf","79.69348659003832"
"hadoopmapreduce-3.4.1_IL_50_clusters.rsf","hadoopmapreduce-3.4.1_UEM_30_clusters.rsf","C:\Users\Luqman\Desktop\SEM 3\DSSE\Assignment 1\dsse-assigment-1\luqman\Panda Files\tuning_runs\all_rsf\hadoopmapreduce-3.4.1_IL_50_clusters.rsf","C:\Users\Luqman\Desktop\SEM 3\DSSE\Assignment 1\dsse-assigment-1\luqman\Panda Files\tuning_runs\all_rsf\hadoopmapreduce-3.4.1_UEM_30_clusters.rsf","79.75382003395586"
"hadoopmapreduce-3.4.1_IL_50_clusters.rsf","hadoopmapreduce-3.4.1_UEM_50_clusters.rsf","C:\Users\Luqman\Desktop\SEM 3\DSSE\Assignment 1\dsse-assigment-1\luqman\Panda Files\tuning_runs\all_rsf\hadoopmapreduce-3.4.1_IL_50_clusters.rsf","C:\Users\Luqman\Desktop\SEM 3\DSSE\Assignment 1\dsse-assigment-1\luqman\Panda Files\tuning_runs\all_rsf\hadoopmapreduce-3.4.1_UEM_50_clusters.rsf","79.92424242424244"
"hadoopmapreduce-3.4.1_IL_50_clusters.rsf","hadoopmapreduce-3.4.1_UEM_75_clusters.rsf","C:\Users\Luqman\Desktop\SEM 3\DSSE\Assignment 1\dsse-assigment-1\luqman\Panda Files\tuning_runs\all_rsf\hadoopmapreduce-3.4.1_IL_50_clusters.rsf","C:\Users\Luqman\Desktop\SEM 3\DSSE\Assignment 1\dsse-assigment-1\luqman\Panda Files\tuning_runs\all_rsf\hadoopmapreduce-3.4.1_UEM_75_clusters.rsf","85.71428571428572"
"hadoopmapreduce-3.4.1_IL_50_clusters.rsf","hadoopmapreduce-3.4.1_UEMNM_100_clusters.rsf","C:\Users\Luqman\Desktop\SEM 3\DSSE\Assignment 1\dsse-assigment-1\luqman\Panda Files\tuning_runs\all_rsf\hadoopmapreduce-3.4.1_IL_50_clusters.rsf","C:\Users\Luqman\Desktop\SEM 3\DSSE\Assignment 1\dsse-assigment-1\luqman\Panda Files\tuning_runs\all_rsf\hadoopmapreduce-3.4.1_UEMNM_100_clusters.rsf","84.41879637262984"
"hadoopmapreduce-3.4.1_IL_50_clusters.rsf","hadoopmapreduce-3.4.1_UEMNM_20_clusters.rsf","C:\Users\Luqman\Desktop\SEM 3\DSSE\Assignment 1\dsse-assigment-1\luqman\Panda Files\tuning_runs\all_rsf\hadoopmapreduce-3.4.1_IL_50_clusters.rsf","C:\Users\Luqman\Desktop\SEM 3\DSSE\Assignment 1\dsse-assigment-1\luqman\Panda Files\tuning_runs\all_rsf\hadoopmapreduce-3.4.1_UEMNM_20_clusters.rsf","79.66751918158567"
"hadoopmapreduce-3.4.1_IL_50_clusters.rsf","hadoopmapreduce-3.4.1_UEMNM_23_clusters.rsf","C:\Users\Luqman\Desktop\SEM 3\DSSE\Assignment 1\dsse-assigment-1\luqman\Panda Files\tuning_runs\all_rsf\hadoopmapreduce-3.4.1_IL_50_clusters.rsf","C:\Users\Luqman\Desktop\SEM 3\DSSE\Assignment 1\dsse-assigment-1\luqman\Panda Files\tuning_runs\all_rsf\hadoopmapreduce-3.4.1_UEMNM_23_clusters.rsf","79.69348659003832"
"hadoopmapreduce-3.4.1_IL_50_clusters.rsf","hadoopmapreduce-3.4.1_UEMNM_30_clusters.rsf","C:\Users\Luqman\Desktop\SEM 3\DSSE\Assignment 1\dsse-assigment-1\luqman\Panda Files\tuning_runs\all_rsf\hadoopmapreduce-3.4.1_IL_50_clusters.rsf","C:\Users\Luqman\Desktop\SEM 3\DSSE\Assignment 1\dsse-assigment-1\luqman\Panda Files\tuning_runs\all_rsf\hadoopmapreduce-3.4.1_UEMNM_30_clusters.rsf","79.75382003395586"
"hadoopmapreduce-3.4.1_IL_50_clusters.rsf","hadoopmapreduce-3.4.1_UEMNM_50_clusters.rsf","C:\Users\Luqman\Desktop\SEM 3\DSSE\Assignment 1\dsse-assigment-1\luqman\Panda Files\tuning_runs\all_rsf\hadoopmapreduce-3.4.1_IL_50_clusters.rsf","C:\Users\Luqman\Desktop\SEM 3\DSSE\Assignment 1\dsse-assigment-1\luqman\Panda Files\tuning_runs\all_rsf\hadoopmapreduce-3.4.1_UEMNM_50_clusters.rsf","79.92424242424244"
"hadoopmapreduce-3.4.1_IL_50_clusters.rsf","hadoopmapreduce-3.4.1_UEMNM_75_clusters.rsf","C:\Users\Luqman\Desktop\SEM 3\DSSE\Assignment 1\dsse-assigment-1\luqman\Panda Files\tuning_runs\all_rsf\hadoopmapreduce-3.4.1_IL_50_clusters.rsf","C:\Users\Luqman\Desktop\SEM 3\DSSE\Assignment 1\dsse-assigment-1\luqman\Panda Files\tuning_runs\all_rsf\hadoopmapreduce-3.4.1_UEMNM_75_clusters.rsf","84.6314035818409"
"hadoopmapreduce-3.4.1_IL_75_clusters.rsf","hadoopmapreduce-3.4.1_UEM_100_clusters.rsf","C:\Users\Luqman\Desktop\SEM 3\DSSE\Assignment 1\dsse-assigment-1\luqman\Panda Files\tuning_runs\all_rsf\hadoopmapreduce-3.4.1_IL_75_clusters.rsf","C:\Users\Luqman\Desktop\SEM 3\DSSE\Assignment 1\dsse-assigment-1\luqman\Panda Files\tuning_runs\all_rsf\hadoopmapreduce-3.4.1_UEM_100_clusters.rsf","86.0873113015096"
"hadoopmapreduce-3.4.1_IL_75_clusters.rsf","hadoopmapreduce-3.4.1_UEM_20_clusters.rsf","C:\Users\Luqman\Desktop\SEM 3\DSSE\Assignment 1\dsse-assigment-1\luqman\Panda Files\tuning_runs\all_rsf\hadoopmapreduce-3.4.1_IL_75_clusters.rsf","C:\Users\Luqman\Desktop\SEM 3\DSSE\Assignment 1\dsse-assigment-1\luqman\Panda Files\tuning_runs\all_rsf\hadoopmapreduce-3.4.1_UEM_20_clusters.rsf","75.87515816111346"
"hadoopmapreduce-3.4.1_IL_75_clusters.rsf","hadoopmapreduce-3.4.1_UEM_23_clusters.rsf","C:\Users\Luqman\Desktop\SEM 3\DSSE\Assignment 1\dsse-assigment-1\luqman\Panda Files\tuning_runs\all_rsf\hadoopmapreduce-3.4.1_IL_75_clusters.rsf","C:\Users\Luqman\Desktop\SEM 3\DSSE\Assignment 1\dsse-assigment-1\luqman\Panda Files\tuning_runs\all_rsf\hadoopmapreduce-3.4.1_UEM_23_clusters.rsf","75.94776748104465"
"hadoopmapreduce-3.4.1_IL_75_clusters.rsf","hadoopmapreduce-3.4.1_UEM_30_clusters.rsf","C:\Users\Luqman\Desktop\SEM 3\DSSE\Assignment 1\dsse-assigment-1\luqman\Panda Files\tuning_runs\all_rsf\hadoopmapreduce-3.4.1_IL_75_clusters.rsf","C:\Users\Luqman\Desktop\SEM 3\DSSE\Assignment 1\dsse-assigment-1\luqman\Panda Files\tuning_runs\all_rsf\hadoopmapreduce-3.4.1_UEM_30_clusters.rsf","76.0184796304074"
"hadoopmapreduce-3.4.1_IL_75_clusters.rsf","hadoopmapreduce-3.4.1_UEM_50_clusters.rsf","C:\Users\Luqman\Desktop\SEM 3\DSSE\Assignment 1\dsse-assigment-1\luqman\Panda Files\tuning_runs\all_rsf\hadoopmapreduce-3.4.1_IL_75_clusters.rsf","C:\Users\Luqman\Desktop\SEM 3\DSSE\Assignment 1\dsse-assigment-1\luqman\Panda Files\tuning_runs\all_rsf\hadoopmapreduce-3.4.1_UEM_50_clusters.rsf","76.8429820907955"
"hadoopmapreduce-3.4.1_IL_75_clusters.rsf","hadoopmapreduce-3.4.1_UEM_75_clusters.rsf","C:\Users\Luqman\Desktop\SEM 3\DSSE\Assignment 1\dsse-assigment-1\luqman\Panda Files\tuning_runs\all_rsf\hadoopmapreduce-3.4.1_IL_75_clusters.rsf","C:\Users\Luqman\Desktop\SEM 3\DSSE\Assignment 1\dsse-assigment-1\luqman\Panda Files\tuning_runs\all_rsf\hadoopmapreduce-3.4.1_UEM_75_clusters.rsf","85.69661995053586"
"hadoopmapreduce-3.4.1_IL_75_clusters.rsf","hadoopmapreduce-3.4.1_UEMNM_100_clusters.rsf","C:\Users\Luqman\Desktop\SEM 3\DSSE\Assignment 1\dsse-assigment-1\luqman\Panda Files\tuning_runs\all_rsf\hadoopmapreduce-3.4.1_IL_75_clusters.rsf","C:\Users\Luqman\Desktop\SEM 3\DSSE\Assignment 1\dsse-assigment-1\luqman\Panda Files\tuning_runs\all_rsf\hadoopmapreduce-3.4.1_UEMNM_100_clusters.rsf","86.53610771113831"
"hadoopmapreduce-3.4.1_IL_75_clusters.rsf","hadoopmapreduce-3.4.1_UEMNM_20_clusters.rsf","C:\Users\Luqman\Desktop\SEM 3\DSSE\Assignment 1\dsse-assigment-1\luqman\Panda Files\tuning_runs\all_rsf\hadoopmapreduce-3.4.1_IL_75_clusters.rsf","C:\Users\Luqman\Desktop\SEM 3\DSSE\Assignment 1\dsse-assigment-1\luqman\Panda Files\tuning_runs\all_rsf\hadoopmapreduce-3.4.1_UEMNM_20_clusters.rsf","75.87515816111346"
"hadoopmapreduce-3.4.1_IL_75_clusters.rsf","hadoopmapreduce-3.4.1_UEMNM_23_clusters.rsf","C:\Users\Luqman\Desktop\SEM 3\DSSE\Assignment 1\dsse-assigment-1\luqman\Panda Files\tuning_runs\all_rsf\hadoopmapreduce-3.4.1_IL_75_clusters.rsf","C:\Users\Luqman\Desktop\SEM 3\DSSE\Assignment 1\dsse-assigment-1\luqman\Panda Files\tuning_runs\all_rsf\hadoopmapreduce-3.4.1_UEMNM_23_clusters.rsf","75.94776748104465"
"hadoopmapreduce-3.4.1_IL_75_clusters.rsf","hadoopmapreduce-3.4.1_UEMNM_30_clusters.rsf","C:\Users\Luqman\Desktop\SEM 3\DSSE\Assignment 1\dsse-assigment-1\luqman\Panda Files\tuning_runs\all_rsf\hadoopmapreduce-3.4.1_IL_75_clusters.rsf","C:\Users\Luqman\Desktop\SEM 3\DSSE\Assignment 1\dsse-assigment-1\luqman\Panda Files\tuning_runs\all_rsf\hadoopmapreduce-3.4.1_UEMNM_30_clusters.rsf","76.0184796304074"
"hadoopmapreduce-3.4.1_IL_75_clusters.rsf","hadoopmapreduce-3.4.1_UEMNM_50_clusters.rsf","C:\Users\Luqman\Desktop\SEM 3\DSSE\Assignment 1\dsse-assigment-1\luqman\Panda Files\tuning_runs\all_rsf\hadoopmapreduce-3.4.1_IL_75_clusters.rsf","C:\Users\Luqman\Desktop\SEM 3\DSSE\Assignment 1\dsse-assigment-1\luqman\Panda Files\tuning_runs\all_rsf\hadoopmapreduce-3.4.1_UEMNM_50_clusters.rsf","76.8429820907955"
"hadoopmapreduce-3.4.1_IL_75_clusters.rsf","hadoopmapreduce-3.4.1_UEMNM_75_clusters.rsf","C:\Users\Luqman\Desktop\SEM 3\DSSE\Assignment 1\dsse-assigment-1\luqman\Panda Files\tuning_runs\all_rsf\hadoopmapreduce-3.4.1_IL_75_clusters.rsf","C:\Users\Luqman\Desktop\SEM 3\DSSE\Assignment 1\dsse-assigment-1\luqman\Panda Files\tuning_runs\all_rsf\hadoopmapreduce-3.4.1_UEMNM_75_clusters.rsf","84.99587798845837"
"hadoopmapreduce-3.4.1_UEM_100_clusters.rsf","hadoopmapreduce-3.4.1_UEM_20_clusters.rsf","C:\Users\Luqman\Desktop\SEM 3\DSSE\Assignment 1\dsse-assigment-1\luqman\Panda Files\tuning_runs\all_rsf\hadoopmapreduce-3.4.1_UEM_100_clusters.rsf","C:\Users\Luqman\Desktop\SEM 3\DSSE\Assignment 1\dsse-assigment-1\luqman\Panda Files\tuning_runs\all_rsf\hadoopmapreduce-3.4.1_UEM_20_clusters.rsf","74.91652754590984"
"hadoopmapreduce-3.4.1_UEM_100_clusters.rsf","hadoopmapreduce-3.4.1_UEM_23_clusters.rsf","C:\Users\Luqman\Desktop\SEM 3\DSSE\Assignment 1\dsse-assigment-1\luqman\Panda Files\tuning_runs\all_rsf\hadoopmapreduce-3.4.1_UEM_100_clusters.rsf","C:\Users\Luqman\Desktop\SEM 3\DSSE\Assignment 1\dsse-assigment-1\luqman\Panda Files\tuning_runs\all_rsf\hadoopmapreduce-3.4.1_UEM_23_clusters.rsf","75.19799916631929"
"hadoopmapreduce-3.4.1_UEM_100_clusters.rsf","hadoopmapreduce-3.4.1_UEM_30_clusters.rsf","C:\Users\Luqman\Desktop\SEM 3\DSSE\Assignment 1\dsse-assigment-1\luqman\Panda Files\tuning_runs\all_rsf\hadoopmapreduce-3.4.1_UEM_100_clusters.rsf","C:\Users\Luqman\Desktop\SEM 3\DSSE\Assignment 1\dsse-assigment-1\luqman\Panda Files\tuning_runs\all_rsf\hadoopmapreduce-3.4.1_UEM_30_clusters.rsf","75.8520365752286"
"hadoopmapreduce-3.4.1_UEM_100_clusters.rsf","hadoopmapreduce-3.4.1_UEM_50_clusters.rsf","C:\Users\Luqman\Desktop\SEM 3\DSSE\Assignment 1\dsse-assigment-1\luqman\Panda Files\tuning_runs\all_rsf\hadoopmapreduce-3.4.1_UEM_100_clusters.rsf","C:\Users\Luqman\Desktop\SEM 3\DSSE\Assignment 1\dsse-assigment-1\luqman\Panda Files\tuning_runs\all_rsf\hadoopmapreduce-3.4.1_UEM_50_clusters.rsf","77.69991755976918"
"hadoopmapreduce-3.4.1_UEM_100_clusters.rsf","hadoopmapreduce-3.4.1_UEM_75_clusters.rsf","C:\Users\Luqman\Desktop\SEM 3\DSSE\Assignment 1\dsse-assigment-1\luqman\Panda Files\tuning_runs\all_rsf\hadoopmapreduce-3.4.1_UEM_100_clusters.rsf","C:\Users\Luqman\Desktop\SEM 3\DSSE\Assignment 1\dsse-assigment-1\luqman\Panda Files\tuning_runs\all_rsf\hadoopmapreduce-3.4.1_UEM_75_clusters.rsf","91.67686658506732"
"hadoopmapreduce-3.4.1_UEM_100_clusters.rsf","hadoopmapreduce-3.4.1_UEMNM_100_clusters.rsf","C:\Users\Luqman\Desktop\SEM 3\DSSE\Assignment 1\dsse-assigment-1\luqman\Panda Files\tuning_runs\all_rsf\hadoopmapreduce-3.4.1_UEM_100_clusters.rsf","C:\Users\Luqman\Desktop\SEM 3\DSSE\Assignment 1\dsse-assigment-1\luqman\Panda Files\tuning_runs\all_rsf\hadoopmapreduce-3.4.1_UEMNM_100_clusters.rsf","92.20516962843296"
"hadoopmapreduce-3.4.1_UEM_100_clusters.rsf","hadoopmapreduce-3.4.1_UEMNM_20_clusters.rsf","C:\Users\Luqman\Desktop\SEM 3\DSSE\Assignment 1\dsse-assigment-1\luqman\Panda Files\tuning_runs\all_rsf\hadoopmapreduce-3.4.1_UEM_100_clusters.rsf","C:\Users\Luqman\Desktop\SEM 3\DSSE\Assignment 1\dsse-assigment-1\luqman\Panda Files\tuning_runs\all_rsf\hadoopmapreduce-3.4.1_UEMNM_20_clusters.rsf","74.91652754590984"
"hadoopmapreduce-3.4.1_UEM_100_clusters.rsf","hadoopmapreduce-3.4.1_UEMNM_23_clusters.rsf","C:\Users\Luqman\Desktop\SEM 3\DSSE\Assignment 1\dsse-assigment-1\luqman\Panda Files\tuning_runs\all_rsf\hadoopmapreduce-3.4.1_UEM_100_clusters.rsf","C:\Users\Luqman\Desktop\SEM 3\DSSE\Assignment 1\dsse-assigment-1\luqman\Panda Files\tuning_runs\all_rsf\hadoopmapreduce-3.4.1_UEMNM_23_clusters.rsf","75.19799916631929"
"hadoopmapreduce-3.4.1_UEM_100_clusters.rsf","hadoopmapreduce-3.4.1_UEMNM_30_clusters.rsf","C:\Users\Luqman\Desktop\SEM 3\DSSE\Assignment 1\dsse-assigment-1\luqman\Panda Files\tuning_runs\all_rsf\hadoopmapreduce-3.4.1_UEM_100_clusters.rsf","C:\Users\Luqman\Desktop\SEM 3\DSSE\Assignment 1\dsse-assigment-1\luqman\Panda Files\tuning_runs\all_rsf\hadoopmapreduce-3.4.1_UEMNM_30_clusters.rsf","75.8520365752286"
"hadoopmapreduce-3.4.1_UEM_100_clusters.rsf","hadoopmapreduce-3.4.1_UEMNM_50_clusters.rsf","C:\Users\Luqman\Desktop\SEM 3\DSSE\Assignment 1\dsse-assigment-1\luqman\Panda Files\tuning_runs\all_rsf\hadoopmapreduce-3.4.1_UEM_100_clusters.rsf","C:\Users\Luqman\Desktop\SEM 3\DSSE\Assignment 1\dsse-assigment-1\luqman\Panda Files\tuning_runs\all_rsf\hadoopmapreduce-3.4.1_UEMNM_50_clusters.rsf","77.69991755976918"
"hadoopmapreduce-3.4.1_UEM_100_clusters.rsf","hadoopmapreduce-3.4.1_UEMNM_75_clusters.rsf","C:\Users\Luqman\Desktop\SEM 3\DSSE\Assignment 1\dsse-assigment-1\luqman\Panda Files\tuning_runs\all_rsf\hadoopmapreduce-3.4.1_UEM_100_clusters.rsf","C:\Users\Luqman\Desktop\SEM 3\DSSE\Assignment 1\dsse-assigment-1\luqman\Panda Files\tuning_runs\all_rsf\hadoopmapreduce-3.4.1_UEMNM_75_clusters.rsf","88.16809465524275"
"hadoopmapreduce-3.4.1_UEM_20_clusters.rsf","hadoopmapreduce-3.4.1_UEM_23_clusters.rsf","C:\Users\Luqman\Desktop\SEM 3\DSSE\Assignment 1\dsse-assigment-1\luqman\Panda Files\tuning_runs\all_rsf\hadoopmapreduce-3.4.1_UEM_20_clusters.rsf","C:\Users\Luqman\Desktop\SEM 3\DSSE\Assignment 1\dsse-assigment-1\luqman\Panda Files\tuning_runs\all_rsf\hadoopmapreduce-3.4.1_UEM_23_clusters.rsf","99.74126778783958"
"hadoopmapreduce-3.4.1_UEM_20_clusters.rsf","hadoopmapreduce-3.4.1_UEM_30_clusters.rsf","C:\Users\Luqman\Desktop\SEM 3\DSSE\Assignment 1\dsse-assigment-1\luqman\Panda Files\tuning_runs\all_rsf\hadoopmapreduce-3.4.1_UEM_20_clusters.rsf","C:\Users\Luqman\Desktop\SEM 3\DSSE\Assignment 1\dsse-assigment-1\luqman\Panda Files\tuning_runs\all_rsf\hadoopmapreduce-3.4.1_UEM_30_clusters.rsf","99.140154772141"
"hadoopmapreduce-3.4.1_UEM_20_clusters.rsf","hadoopmapreduce-3.4.1_UEM_50_clusters.rsf","C:\Users\Luqman\Desktop\SEM 3\DSSE\Assignment 1\dsse-assigment-1\luqman\Panda Files\tuning_runs\all_rsf\hadoopmapreduce-3.4.1_UEM_20_clusters.rsf","C:\Users\Luqman\Desktop\SEM 3\DSSE\Assignment 1\dsse-assigment-1\luqman\Panda Files\tuning_runs\all_rsf\hadoopmapreduce-3.4.1_UEM_50_clusters.rsf","97.44245524296676"
"hadoopmapreduce-3.4.1_UEM_20_clusters.rsf","hadoopmapreduce-3.4.1_UEM_75_clusters.rsf","C:\Users\Luqman\Desktop\SEM 3\DSSE\Assignment 1\dsse-assigment-1\luqman\Panda Files\tuning_runs\all_rsf\hadoopmapreduce-3.4.1_UEM_20_clusters.rsf","C:\Users\Luqman\Desktop\SEM 3\DSSE\Assignment 1\dsse-assigment-1\luqman\Panda Files\tuning_runs\all_rsf\hadoopmapreduce-3.4.1_UEM_75_clusters.rsf","76.7608603964572"
"hadoopmapreduce-3.4.1_UEM_20_clusters.rsf","hadoopmapreduce-3.4.1_UEMNM_100_clusters.rsf","C:\Users\Luqman\Desktop\SEM 3\DSSE\Assignment 1\dsse-assigment-1\luqman\Panda Files\tuning_runs\all_rsf\hadoopmapreduce-3.4.1_UEM_20_clusters.rsf","C:\Users\Luqman\Desktop\SEM 3\DSSE\Assignment 1\dsse-assigment-1\luqman\Panda Files\tuning_runs\all_rsf\hadoopmapreduce-3.4.1_UEMNM_100_clusters.rsf","75.04173622704508"
"hadoopmapreduce-3.4.1_UEM_20_clusters.rsf","hadoopmapreduce-3.4.1_UEMNM_20_clusters.rsf","C:\Users\Luqman\Desktop\SEM 3\DSSE\Assignment 1\dsse-assigment-1\luqman\Panda Files\tuning_runs\all_rsf\hadoopmapreduce-3.4.1_UEM_20_clusters.rsf","C:\Users\Luqman\Desktop\SEM 3\DSSE\Assignment 1\dsse-assigment-1\luqman\Panda Files\tuning_runs\all_rsf\hadoopmapreduce-3.4.1_UEMNM_20_clusters.rsf","100.0"
"hadoopmapreduce-3.4.1_UEM_20_clusters.rsf","hadoopmapreduce-3.4.1_UEMNM_23_clusters.rsf","C:\Users\Luqman\Desktop\SEM 3\DSSE\Assignment 1\dsse-assigment-1\luqman\Panda Files\tuning_runs\all_rsf\hadoopmapreduce-3.4.1_UEM_20_clusters.rsf","C:\Users\Luqman\Desktop\SEM 3\DSSE\Assignment 1\dsse-assigment-1\luqman\Panda Files\tuning_runs\all_rsf\hadoopmapreduce-3.4.1_UEMNM_23_clusters.rsf","99.74126778783958"
"hadoopmapreduce-3.4.1_UEM_20_clusters.rsf","hadoopmapreduce-3.4.1_UEMNM_30_clusters.rsf","C:\Users\Luqman\Desktop\SEM 3\DSSE\Assignment 1\dsse-assigment-1\luqman\Panda Files\tuning_runs\all_rsf\hadoopmapreduce-3.4.1_UEM_20_clusters.rsf","C:\Users\Luqman\Desktop\SEM 3\DSSE\Assignment 1\dsse-assigment-1\luqman\Panda Files\tuning_runs\all_rsf\hadoopmapreduce-3.4.1_UEMNM_30_clusters.rsf","99.140154772141"
"hadoopmapreduce-3.4.1_UEM_20_clusters.rsf","hadoopmapreduce-3.4.1_UEMNM_50_clusters.rsf","C:\Users\Luqman\Desktop\SEM 3\DSSE\Assignment 1\dsse-assigment-1\luqman\Panda Files\tuning_runs\all_rsf\hadoopmapreduce-3.4.1_UEM_20_clusters.rsf","C:\Users\Luqman\Desktop\SEM 3\DSSE\Assignment 1\dsse-assigment-1\luqman\Panda Files\tuning_runs\all_rsf\hadoopmapreduce-3.4.1_UEMNM_50_clusters.rsf","97.44245524296676"
"hadoopmapreduce-3.4.1_UEM_20_clusters.rsf","hadoopmapreduce-3.4.1_UEMNM_75_clusters.rsf","C:\Users\Luqman\Desktop\SEM 3\DSSE\Assignment 1\dsse-assigment-1\luqman\Panda Files\tuning_runs\all_rsf\hadoopmapreduce-3.4.1_UEM_20_clusters.rsf","C:\Users\Luqman\Desktop\SEM 3\DSSE\Assignment 1\dsse-assigment-1\luqman\Panda Files\tuning_runs\all_rsf\hadoopmapreduce-3.4.1_UEMNM_75_clusters.rsf","76.80303669337832"
"hadoopmapreduce-3.4.1_UEM_23_clusters.rsf","hadoopmapreduce-3.4.1_UEM_30_clusters.rsf","C:\Users\Luqman\Desktop\SEM 3\DSSE\Assignment 1\dsse-assigment-1\luqman\Panda Files\tuning_runs\all_rsf\hadoopmapreduce-3.4.1_UEM_23_clusters.rsf","C:\Users\Luqman\Desktop\SEM 3\DSSE\Assignment 1\dsse-assigment-1\luqman\Panda Files\tuning_runs\all_rsf\hadoopmapreduce-3.4.1_UEM_30_clusters.rsf","99.39888364104766"
"hadoopmapreduce-3.4.1_UEM_23_clusters.rsf","hadoopmapreduce-3.4.1_UEM_50_clusters.rsf","C:\Users\Luqman\Desktop\SEM 3\DSSE\Assignment 1\dsse-assigment-1\luqman\Panda Files\tuning_runs\all_rsf\hadoopmapreduce-3.4.1_UEM_23_clusters.rsf","C:\Users\Luqman\Desktop\SEM 3\DSSE\Assignment 1\dsse-assigment-1\luqman\Panda Files\tuning_runs\all_rsf\hadoopmapreduce-3.4.1_UEM_50_clusters.rsf","97.70114942528735"
"hadoopmapreduce-3.4.1_UEM_23_clusters.rsf","hadoopmapreduce-3.4.1_UEM_75_clusters.rsf","C:\Users\Luqman\Desktop\SEM 3\DSSE\Assignment 1\dsse-assigment-1\luqman\Panda Files\tuning_runs\all_rsf\hadoopmapreduce-3.4.1_UEM_23_clusters.rsf","C:\Users\Luqman\Desktop\SEM 3\DSSE\Assignment 1\dsse-assigment-1\luqman\Panda Files\tuning_runs\all_rsf\hadoopmapreduce-3.4.1_UEM_75_clusters.rsf","77.04296545914069"
"hadoopmapreduce-3.4.1_UEM_23_clusters.rsf","hadoopmapreduce-3.4.1_UEMNM_100_clusters.rsf","C:\Users\Luqman\Desktop\SEM 3\DSSE\Assignment 1\dsse-assigment-1\luqman\Panda Files\tuning_runs\all_rsf\hadoopmapreduce-3.4.1_UEM_23_clusters.rsf","C:\Users\Luqman\Desktop\SEM 3\DSSE\Assignment 1\dsse-assigment-1\luqman\Panda Files\tuning_runs\all_rsf\hadoopmapreduce-3.4.1_UEMNM_100_clusters.rsf","75.32305127136307"
"hadoopmapreduce-3.4.1_UEM_23_clusters.rsf","hadoopmapreduce-3.4.1_UEMNM_20_clusters.rsf","C:\Users\Luqman\Desktop\SEM 3\DSSE\Assignment 1\dsse-assigment-1\luqman\Panda Files\tuning_runs\all_rsf\hadoopmapreduce-3.4.1_UEM_23_clusters.rsf","C:\Users\Luqman\Desktop\SEM 3\DSSE\Assignment 1\dsse-assigment-1\luqman\Panda Files\tuning_runs\all_rsf\hadoopmapreduce-3.4.1_UEMNM_20_clusters.rsf","99.74126778783958"
"hadoopmapreduce-3.4.1_UEM_23_clusters.rsf","hadoopmapreduce-3.4.1_UEMNM_23_clusters.rsf","C:\Users\Luqman\Desktop\SEM 3\DSSE\Assignment 1\dsse-assigment-1\luqman\Panda Files\tuning_runs\all_rsf\hadoopmapreduce-3.4.1_UEM_23_clusters.rsf","C:\Users\Luqman\Desktop\SEM 3\DSSE\Assignment 1\dsse-assigment-1\luqman\Panda Files\tuning_runs\all_rsf\hadoopmapreduce-3.4.1_UEMNM_23_clusters.rsf","100.0"
"hadoopmapreduce-3.4.1_UEM_23_clusters.rsf","hadoopmapreduce-3.4.1_UEMNM_30_clusters.rsf","C:\Users\Luqman\Desktop\SEM 3\DSSE\Assignment 1\dsse-assigment-1\luqman\Panda Files\tuning_runs\all_rsf\hadoopmapreduce-3.4.1_UEM_23_clusters.rsf","C:\Users\Luqman\Desktop\SEM 3\DSSE\Assignment 1\dsse-assigment-1\luqman\Panda Files\tuning_runs\all_rsf\hadoopmapreduce-3.4.1_UEMNM_30_clusters.rsf","99.39888364104766"
"hadoopmapreduce-3.4.1_UEM_23_clusters.rsf","hadoopmapreduce-3.4.1_UEMNM_50_clusters.rsf","C:\Users\Luqman\Desktop\SEM 3\DSSE\Assignment 1\dsse-assigment-1\luqman\Panda Files\tuning_runs\all_rsf\hadoopmapreduce-3.4.1_UEM_23_clusters.rsf","C:\Users\Luqman\Desktop\SEM 3\DSSE\Assignment 1\dsse-assigment-1\luqman\Panda Files\tuning_runs\all_rsf\hadoopmapreduce-3.4.1_UEMNM_50_clusters.rsf","97.70114942528735"
"hadoopmapreduce-3.4.1_UEM_23_clusters.rsf","hadoopmapreduce-3.4.1_UEMNM_75_clusters.rsf","C:\Users\Luqman\Desktop\SEM 3\DSSE\Assignment 1\dsse-assigment-1\luqman\Panda Files\tuning_runs\all_rsf\hadoopmapreduce-3.4.1_UEM_23_clusters.rsf","C:\Users\Luqman\Desktop\SEM 3\DSSE\Assignment 1\dsse-assigment-1\luqman\Panda Files\tuning_runs\all_rsf\hadoopmapreduce-3.4.1_UEMNM_75_clusters.rsf","77.08508845829823"
"hadoopmapreduce-3.4.1_UEM_30_clusters.rsf","hadoopmapreduce-3.4.1_UEM_50_clusters.rsf","C:\Users\Luqman\Desktop\SEM 3\DSSE\Assignment 1\dsse-assigment-1\luqman\Panda Files\tuning_runs\all_rsf\hadoopmapreduce-3.4.1_UEM_30_clusters.rsf","C:\Users\Luqman\Desktop\SEM 3\DSSE\Assignment 1\dsse-assigment-1\luqman\Panda Files\tuning_runs\all_rsf\hadoopmapreduce-3.4.1_UEM_50_clusters.rsf","98.30220713073004"
"hadoopmapreduce-3.4.1_UEM_30_clusters.rsf","hadoopmapreduce-3.4.1_UEM_75_clusters.rsf","C:\Users\Luqman\Desktop\SEM 3\DSSE\Assignment 1\dsse-assigment-1\luqman\Panda Files\tuning_runs\all_rsf\hadoopmapreduce-3.4.1_UEM_30_clusters.rsf","C:\Users\Luqman\Desktop\SEM 3\DSSE\Assignment 1\dsse-assigment-1\luqman\Panda Files\tuning_runs\all_rsf\hadoopmapreduce-3.4.1_UEM_75_clusters.rsf","77.69844603107938"
"hadoopmapreduce-3.4.1_UEM_30_clusters.rsf","hadoopmapreduce-3.4.1_UEMNM_100_clusters.rsf","C:\Users\Luqman\Desktop\SEM 3\DSSE\Assignment 1\dsse-assigment-1\luqman\Panda Files\tuning_runs\all_rsf\hadoopmapreduce-3.4.1_UEM_30_clusters.rsf","C:\Users\Luqman\Desktop\SEM 3\DSSE\Assignment 1\dsse-assigment-1\luqman\Panda Files\tuning_runs\all_rsf\hadoopmapreduce-3.4.1_UEMNM_100_clusters.rsf","75.97672485453035"
"hadoopmapreduce-3.4.1_UEM_30_clusters.rsf","hadoopmapreduce-3.4.1_UEMNM_20_clusters.rsf","C:\Users\Luqman\Desktop\SEM 3\DSSE\Assignment 1\dsse-assigment-1\luqman\Panda Files\tuning_runs\all_rsf\hadoopmapreduce-3.4.1_UEM_30_clusters.rsf","C:\Users\Luqman\Desktop\SEM 3\DSSE\Assignment 1\dsse-assigment-1\luqman\Panda Files\tuning_runs\all_rsf\hadoopmapreduce-3.4.1_UEMNM_20_clusters.rsf","99.140154772141"
"hadoopmapreduce-3.4.1_UEM_30_clusters.rsf","hadoopmapreduce-3.4.1_UEMNM_23_clusters.rsf","C:\Users\Luqman\Desktop\SEM 3\DSSE\Assignment 1\dsse-assigment-1\luqman\Panda Files\tuning_runs\all_rsf\hadoopmapreduce-3.4.1_UEM_30_clusters.rsf","C:\Users\Luqman\Desktop\SEM 3\DSSE\Assignment 1\dsse-assigment-1\luqman\Panda Files\tuning_runs\all_rsf\hadoopmapreduce-3.4.1_UEMNM_23_clusters.rsf","99.39888364104766"
"hadoopmapreduce-3.4.1_UEM_30_clusters.rsf","hadoopmapreduce-3.4.1_UEMNM_30_clusters.rsf","C:\Users\Luqman\Desktop\SEM 3\DSSE\Assignment 1\dsse-assigment-1\luqman\Panda Files\tuning_runs\all_rsf\hadoopmapreduce-3.4.1_UEM_30_clusters.rsf","C:\Users\Luqman\Desktop\SEM 3\DSSE\Assignment 1\dsse-assigment-1\luqman\Panda Files\tuning_runs\all_rsf\hadoopmapreduce-3.4.1_UEMNM_30_clusters.rsf","100.0"
"hadoopmapreduce-3.4.1_UEM_30_clusters.rsf","hadoopmapreduce-3.4.1_UEMNM_50_clusters.rsf","C:\Users\Luqman\Desktop\SEM 3\DSSE\Assignment 1\dsse-assigment-1\luqman\Panda Files\tuning_runs\all_rsf\hadoopmapreduce-3.4.1_UEM_30_clusters.rsf","C:\Users\Luqman\Desktop\SEM 3\DSSE\Assignment 1\dsse-assigment-1\luqman\Panda Files\tuning_runs\all_rsf\hadoopmapreduce-3.4.1_UEMNM_50_clusters.rsf","98.30220713073004"
"hadoopmapreduce-3.4.1_UEM_30_clusters.rsf","hadoopmapreduce-3.4.1_UEMNM_75_clusters.rsf","C:\Users\Luqman\Desktop\SEM 3\DSSE\Assignment 1\dsse-assigment-1\luqman\Panda Files\tuning_runs\all_rsf\hadoopmapreduce-3.4.1_UEM_30_clusters.rsf","C:\Users\Luqman\Desktop\SEM 3\DSSE\Assignment 1\dsse-assigment-1\luqman\Panda Files\tuning_runs\all_rsf\hadoopmapreduce-3.4.1_UEMNM_75_clusters.rsf","77.74044519109617"
"hadoopmapreduce-3.4.1_UEM_50_clusters.rsf","hadoopmapreduce-3.4.1_UEM_75_clusters.rsf","C:\Users\Luqman\Desktop\SEM 3\DSSE\Assignment 1\dsse-assigment-1\luqman\Panda Files\tuning_runs\all_rsf\hadoopmapreduce-3.4.1_UEM_50_clusters.rsf","C:\Users\Luqman\Desktop\SEM 3\DSSE\Assignment 1\dsse-assigment-1\luqman\Panda Files\tuning_runs\all_rsf\hadoopmapreduce-3.4.1_UEM_75_clusters.rsf","79.55018742190754"
"hadoopmapreduce-3.4.1_UEM_50_clusters.rsf","hadoopmapreduce-3.4.1_UEMNM_100_clusters.rsf","C:\Users\Luqman\Desktop\SEM 3\DSSE\Assignment 1\dsse-assigment-1\luqman\Panda Files\tuning_runs\all_rsf\hadoopmapreduce-3.4.1_UEM_50_clusters.rsf","C:\Users\Luqman\Desktop\SEM 3\DSSE\Assignment 1\dsse-assigment-1\luqman\Panda Files\tuning_runs\all_rsf\hadoopmapreduce-3.4.1_UEMNM_100_clusters.rsf","77.82357790601814"
"hadoopmapreduce-3.4.1_UEM_50_clusters.rsf","hadoopmapreduce-3.4.1_UEMNM_20_clusters.rsf","C:\Users\Luqman\Desktop\SEM 3\DSSE\Assignment 1\dsse-assigment-1\luqman\Panda Files\tuning_runs\all_rsf\hadoopmapreduce-3.4.1_UEM_50_clusters.rsf","C:\Users\Luqman\Desktop\SEM 3\DSSE\Assignment 1\dsse-assigment-1\luqman\Panda Files\tuning_runs\all_rsf\hadoopmapreduce-3.4.1_UEMNM_20_clusters.rsf","97.44245524296676"
"hadoopmapreduce-3.4.1_UEM_50_clusters.rsf","hadoopmapreduce-3.4.1_UEMNM_23_clusters.rsf","C:\Users\Luqman\Desktop\SEM 3\DSSE\Assignment 1\dsse-assigment-1\luqman\Panda Files\tuning_runs\all_rsf\hadoopmapreduce-3.4.1_UEM_50_clusters.rsf","C:\Users\Luqman\Desktop\SEM 3\DSSE\Assignment 1\dsse-assigment-1\luqman\Panda Files\tuning_runs\all_rsf\hadoopmapreduce-3.4.1_UEMNM_23_clusters.rsf","97.70114942528735"
"hadoopmapreduce-3.4.1_UEM_50_clusters.rsf","hadoopmapreduce-3.4.1_UEMNM_30_clusters.rsf","C:\Users\Luqman\Desktop\SEM 3\DSSE\Assignment 1\dsse-assigment-1\luqman\Panda Files\tuning_runs\all_rsf\hadoopmapreduce-3.4.1_UEM_50_clusters.rsf","C:\Users\Luqman\Desktop\SEM 3\DSSE\Assignment 1\dsse-assigment-1\luqman\Panda Files\tuning_runs\all_rsf\hadoopmapreduce-3.4.1_UEMNM_30_clusters.rsf","98.30220713073004"
"hadoopmapreduce-3.4.1_UEM_50_clusters.rsf","hadoopmapreduce-3.4.1_UEMNM_50_clusters.rsf","C:\Users\Luqman\Desktop\SEM 3\DSSE\Assignment 1\dsse-assigment-1\luqman\Panda Files\tuning_runs\all_rsf\hadoopmapreduce-3.4.1_UEM_50_clusters.rsf","C:\Users\Luqman\Desktop\SEM 3\DSSE\Assignment 1\dsse-assigment-1\luqman\Panda Files\tuning_runs\all_rsf\hadoopmapreduce-3.4.1_UEMNM_50_clusters.rsf","100.0"
"hadoopmapreduce-3.4.1_UEM_50_clusters.rsf","hadoopmapreduce-3.4.1_UEMNM_75_clusters.rsf","C:\Users\Luqman\Desktop\SEM 3\DSSE\Assignment 1\dsse-assigment-1\luqman\Panda Files\tuning_runs\all_rsf\hadoopmapreduce-3.4.1_UEM_50_clusters.rsf","C:\Users\Luqman\Desktop\SEM 3\DSSE\Assignment 1\dsse-assigment-1\luqman\Panda Files\tuning_runs\all_rsf\hadoopmapreduce-3.4.1_UEMNM_75_clusters.rsf","79.59183673469387"
"hadoopmapreduce-3.4.1_UEM_75_clusters.rsf","hadoopmapreduce-3.4.1_UEMNM_100_clusters.rsf","C:\Users\Luqman\Desktop\SEM 3\DSSE\Assignment 1\dsse-assigment-1\luqman\Panda Files\tuning_runs\all_rsf\hadoopmapreduce-3.4.1_UEM_75_clusters.rsf","C:\Users\Luqman\Desktop\SEM 3\DSSE\Assignment 1\dsse-assigment-1\luqman\Panda Files\tuning_runs\all_rsf\hadoopmapreduce-3.4.1_UEMNM_100_clusters.rsf","88.49449204406365"
"hadoopmapreduce-3.4.1_UEM_75_clusters.rsf","hadoopmapreduce-3.4.1_UEMNM_20_clusters.rsf","C:\Users\Luqman\Desktop\SEM 3\DSSE\Assignment 1\dsse-assigment-1\luqman\Panda Files\tuning_runs\all_rsf\hadoopmapreduce-3.4.1_UEM_75_clusters.rsf","C:\Users\Luqman\Desktop\SEM 3\DSSE\Assignment 1\dsse-assigment-1\luqman\Panda Files\tuning_runs\all_rsf\hadoopmapreduce-3.4.1_UEMNM_20_clusters.rsf","76.7608603964572"
"hadoopmapreduce-3.4.1_UEM_75_clusters.rsf","hadoopmapreduce-3.4.1_UEMNM_23_clusters.rsf","C:\Users\Luqman\Desktop\SEM 3\DSSE\Assignment 1\dsse-assigment-1\luqman\Panda Files\tuning_runs\all_rsf\hadoopmapreduce-3.4.1_UEM_75_clusters.rsf","C:\Users\Luqman\Desktop\SEM 3\DSSE\Assignment 1\dsse-assigment-1\luqman\Panda Files\tuning_runs\all_rsf\hadoopmapreduce-3.4.1_UEMNM_23_clusters.rsf","77.04296545914069"
"hadoopmapreduce-3.4.1_UEM_75_clusters.rsf","hadoopmapreduce-3.4.1_UEMNM_30_clusters.rsf","C:\Users\Luqman\Desktop\SEM 3\DSSE\Assignment 1\dsse-assigment-1\luqman\Panda Files\tuning_runs\all_rsf\hadoopmapreduce-3.4.1_UEM_75_clusters.rsf","C:\Users\Luqman\Desktop\SEM 3\DSSE\Assignment 1\dsse-assigment-1\luqman\Panda Files\tuning_runs\all_rsf\hadoopmapreduce-3.4.1_UEMNM_30_clusters.rsf","77.69844603107938"
"hadoopmapreduce-3.4.1_UEM_75_clusters.rsf","hadoopmapreduce-3.4.1_UEMNM_50_clusters.rsf","C:\Users\Luqman\Desktop\SEM 3\DSSE\Assignment 1\dsse-assigment-1\luqman\Panda Files\tuning_runs\all_rsf\hadoopmapreduce-3.4.1_UEM_75_clusters.rsf","C:\Users\Luqman\Desktop\SEM 3\DSSE\Assignment 1\dsse-assigment-1\luqman\Panda Files\tuning_runs\all_rsf\hadoopmapreduce-3.4.1_UEMNM_50_clusters.rsf","79.55018742190754"
"hadoopmapreduce-3.4.1_UEM_75_clusters.rsf","hadoopmapreduce-3.4.1_UEMNM_75_clusters.rsf","C:\Users\Luqman\Desktop\SEM 3\DSSE\Assignment 1\dsse-assigment-1\luqman\Panda Files\tuning_runs\all_rsf\hadoopmapreduce-3.4.1_UEM_75_clusters.rsf","C:\Users\Luqman\Desktop\SEM 3\DSSE\Assignment 1\dsse-assigment-1\luqman\Panda Files\tuning_runs\all_rsf\hadoopmapreduce-3.4.1_UEMNM_75_clusters.rsf","92.3330585325639"
"hadoopmapreduce-3.4.1_UEMNM_100_clusters.rsf","hadoopmapreduce-3.4.1_UEMNM_20_clusters.rsf","C:\Users\Luqman\Desktop\SEM 3\DSSE\Assignment 1\dsse-assigment-1\luqman\Panda Files\tuning_runs\all_rsf\hadoopmapreduce-3.4.1_UEMNM_100_clusters.rsf","C:\Users\Luqman\Desktop\SEM 3\DSSE\Assignment 1\dsse-assigment-1\luqman\Panda Files\tuning_runs\all_rsf\hadoopmapreduce-3.4.1_UEMNM_20_clusters.rsf","75.04173622704508"
"hadoopmapreduce-3.4.1_UEMNM_100_clusters.rsf","hadoopmapreduce-3.4.1_UEMNM_23_clusters.rsf","C:\Users\Luqman\Desktop\SEM 3\DSSE\Assignment 1\dsse-assigment-1\luqman\Panda Files\tuning_runs\all_rsf\hadoopmapreduce-3.4.1_UEMNM_100_clusters.rsf","C:\Users\Luqman\Desktop\SEM 3\DSSE\Assignment 1\dsse-assigment-1\luqman\Panda Files\tuning_runs\all_rsf\hadoopmapreduce-3.4.1_UEMNM_23_clusters.rsf","75.32305127136307"
"hadoopmapreduce-3.4.1_UEMNM_100_clusters.rsf","hadoopmapreduce-3.4.1_UEMNM_30_clusters.rsf","C:\Users\Luqman\Desktop\SEM 3\DSSE\Assignment 1\dsse-assigment-1\luqman\Panda Files\tuning_runs\all_rsf\hadoopmapreduce-3.4.1_UEMNM_100_clusters.rsf","C:\Users\Luqman\Desktop\SEM 3\DSSE\Assignment 1\dsse-assigment-1\luqman\Panda Files\tuning_runs\all_rsf\hadoopmapreduce-3.4.1_UEMNM_30_clusters.rsf","75.97672485453035"
"hadoopmapreduce-3.4.1_UEMNM_100_clusters.rsf","hadoopmapreduce-3.4.1_UEMNM_50_clusters.rsf","C:\Users\Luqman\Desktop\SEM 3\DSSE\Assignment 1\dsse-assigment-1\luqman\Panda Files\tuning_runs\all_rsf\hadoopmapreduce-3.4.1_UEMNM_100_clusters.rsf","C:\Users\Luqman\Desktop\SEM 3\DSSE\Assignment 1\dsse-assigment-1\luqman\Panda Files\tuning_runs\all_rsf\hadoopmapreduce-3.4.1_UEMNM_50_clusters.rsf","77.82357790601814"
"hadoopmapreduce-3.4.1_UEMNM_100_clusters.rsf","hadoopmapreduce-3.4.1_UEMNM_75_clusters.rsf","C:\Users\Luqman\Desktop\SEM 3\DSSE\Assignment 1\dsse-assigment-1\luqman\Panda Files\tuning_runs\all_rsf\hadoopmapreduce-3.4.1_UEMNM_100_clusters.rsf","C:\Users\Luqman\Desktop\SEM 3\DSSE\Assignment 1\dsse-assigment-1\luqman\Panda Files\tuning_runs\all_rsf\hadoopmapreduce-3.4.1_UEMNM_75_clusters.rsf","91.92166462668298"
"hadoopmapreduce-3.4.1_UEMNM_20_clusters.rsf","hadoopmapreduce-3.4.1_UEMNM_23_clusters.rsf","C:\Users\Luqman\Desktop\SEM 3\DSSE\Assignment 1\dsse-assigment-1\luqman\Panda Files\tuning_runs\all_rsf\hadoopmapreduce-3.4.1_UEMNM_20_clusters.rsf","C:\Users\Luqman\Desktop\SEM 3\DSSE\Assignment 1\dsse-assigment-1\luqman\Panda Files\tuning_runs\all_rsf\hadoopmapreduce-3.4.1_UEMNM_23_clusters.rsf","99.74126778783958"
"hadoopmapreduce-3.4.1_UEMNM_20_clusters.rsf","hadoopmapreduce-3.4.1_UEMNM_30_clusters.rsf","C:\Users\Luqman\Desktop\SEM 3\DSSE\Assignment 1\dsse-assigment-1\luqman\Panda Files\tuning_runs\all_rsf\hadoopmapreduce-3.4.1_UEMNM_20_clusters.rsf","C:\Users\Luqman\Desktop\SEM 3\DSSE\Assignment 1\dsse-assigment-1\luqman\Panda Files\tuning_runs\all_rsf\hadoopmapreduce-3.4.1_UEMNM_30_clusters.rsf","99.140154772141"
"hadoopmapreduce-3.4.1_UEMNM_20_clusters.rsf","hadoopmapreduce-3.4.1_UEMNM_50_clusters.rsf","C:\Users\Luqman\Desktop\SEM 3\DSSE\Assignment 1\dsse-assigment-1\luqman\Panda Files\tuning_runs\all_rsf\hadoopmapreduce-3.4.1_UEMNM_20_clusters.rsf","C:\Users\Luqman\Desktop\SEM 3\DSSE\Assignment 1\dsse-assigment-1\luqman\Panda Files\tuning_runs\all_rsf\hadoopmapreduce-3.4.1_UEMNM_50_clusters.rsf","97.44245524296676"
"hadoopmapreduce-3.4.1_UEMNM_20_clusters.rsf","hadoopmapreduce-3.4.1_UEMNM_75_clusters.rsf","C:\Users\Luqman\Desktop\SEM 3\DSSE\Assignment 1\dsse-assigment-1\luqman\Panda Files\tuning_runs\all_rsf\hadoopmapreduce-3.4.1_UEMNM_20_clusters.rsf","C:\Users\Luqman\Desktop\SEM 3\DSSE\Assignment 1\dsse-assigment-1\luqman\Panda Files\tuning_runs\all_rsf\hadoopmapreduce-3.4.1_UEMNM_75_clusters.rsf","76.80303669337832"
"hadoopmapreduce-3.4.1_UEMNM_23_clusters.rsf","hadoopmapreduce-3.4.1_UEMNM_30_clusters.rsf","C:\Users\Luqman\Desktop\SEM 3\DSSE\Assignment 1\dsse-assigment-1\luqman\Panda Files\tuning_runs\all_rsf\hadoopmapreduce-3.4.1_UEMNM_23_clusters.rsf","C:\Users\Luqman\Desktop\SEM 3\DSSE\Assignment 1\dsse-assigment-1\luqman\Panda Files\tuning_runs\all_rsf\hadoopmapreduce-3.4.1_UEMNM_30_clusters.rsf","99.39888364104766"
"hadoopmapreduce-3.4.1_UEMNM_23_clusters.rsf","hadoopmapreduce-3.4.1_UEMNM_50_clusters.rsf","C:\Users\Luqman\Desktop\SEM 3\DSSE\Assignment 1\dsse-assigment-1\luqman\Panda Files\tuning_runs\all_rsf\hadoopmapreduce-3.4.1_UEMNM_23_clusters.rsf","C:\Users\Luqman\Desktop\SEM 3\DSSE\Assignment 1\dsse-assigment-1\luqman\Panda Files\tuning_runs\all_rsf\hadoopmapreduce-3.4.1_UEMNM_50_clusters.rsf","97.70114942528735"
"hadoopmapreduce-3.4.1_UEMNM_23_clusters.rsf","hadoopmapreduce-3.4.1_UEMNM_75_clusters.rsf","C:\Users\Luqman\Desktop\SEM 3\DSSE\Assignment 1\dsse-assigment-1\luqman\Panda Files\tuning_runs\all_rsf\hadoopmapreduce-3.4.1_UEMNM_23_clusters.rsf","C:\Users\Luqman\Desktop\SEM 3\DSSE\Assignment 1\dsse-assigment-1\luqman\Panda Files\tuning_runs\all_rsf\hadoopmapreduce-3.4.1_UEMNM_75_clusters.rsf","77.08508845829823"
"hadoopmapreduce-3.4.1_UEMNM_30_clusters.rsf","hadoopmapreduce-3.4.1_UEMNM_50_clusters.rsf","C:\Users\Luqman\Desktop\SEM 3\DSSE\Assignment 1\dsse-assigment-1\luqman\Panda Files\tuning_runs\all_rsf\hadoopmapreduce-3.4.1_UEMNM_30_clusters.rsf","C:\Users\Luqman\Desktop\SEM 3\DSSE\Assignment 1\dsse-assigment-1\luqman\Panda Files\tuning_runs\all_rsf\hadoopmapreduce-3.4.1_UEMNM_50_clusters.rsf","98.30220713073004"
"hadoopmapreduce-3.4.1_UEMNM_30_clusters.rsf","hadoopmapreduce-3.4.1_UEMNM_75_clusters.rsf","C:\Users\Luqman\Desktop\SEM 3\DSSE\Assignment 1\dsse-assigment-1\luqman\Panda Files\tuning_runs\all_rsf\hadoopmapreduce-3.4.1_UEMNM_30_clusters.rsf","C:\Users\Luqman\Desktop\SEM 3\DSSE\Assignment 1\dsse-assigment-1\luqman\Panda Files\tuning_runs\all_rsf\hadoopmapreduce-3.4.1_UEMNM_75_clusters.rsf","77.74044519109617"
"hadoopmapreduce-3.4.1_UEMNM_50_clusters.rsf","hadoopmapreduce-3.4.1_UEMNM_75_clusters.rsf","C:\Users\Luqman\Desktop\SEM 3\DSSE\Assignment 1\dsse-assigment-1\luqman\Panda Files\tuning_runs\all_rsf\hadoopmapreduce-3.4.1_UEMNM_50_clusters.rsf","C:\Users\Luqman\Desktop\SEM 3\DSSE\Assignment 1\dsse-assigment-1\luqman\Panda Files\tuning_runs\all_rsf\hadoopmapreduce-3.4.1_UEMNM_75_clusters.rsf","79.59183673469387"
